date,vpos,content,command,type,word
1173204264,4668,フルCGだねぇ,,,
1173249927,7414,キャラソングとか、声優が歌うって文化の前身？,,,
1173275513,486,走っているコースは実際の大会で使われてたやつだったって知ってますか？,ue red,nan,nan
1173337685,1101,酔う酔う酔う,,,
1173338334,4122,ハリケーンソニックてＴＺか,,,
1173443210,507,神曲,red,nan,nan
1173443252,559,↑９６か９７年のＧＪＣのコースだっけ？,shita,nan,nan
1173454151,1836,レツゴーで一番好きな曲だ。,big green,nan,nan
1173462262,4906,はああ　いいわー,,,
1173527621,1045,他のコースを走っている奴のＥＤでも、走っているコースは全て実際の大会で使われてたやつです。,big yellow,nan,nan
1173548264,3378,映画版観たいぜ……ガンブラスター・・・・,,,
1173549398,6758,あぁ懐かしいぜ、神曲だ,,,
1173592090,3537,２番はソロがあるんだよね,,,
1173755423,4655,ネオトライダガーは俺の愛機,,,
1173859680,5862,うぇ,,,
1173941911,248,CDもってる…,shita,nan,nan
1174234129,3874,レッツゴー！,big green,nan,nan
1174234321,833,なつかしい。。。。,,,
1174234366,5407,ヘイ！！！！！,,,
1175094310,1074,レッツゴーと聞いて飛んできました,big green,nan,nan
1175094323,2406,こんなコースあったらよくね？,big green,nan,nan
1175167149,2471,↑実際に大会で使われました。他のＥＤでコースは知っているやつはみんな実際の大会で使われたやつですよ。,shita red,nan,nan
1175213814,1366,いい曲だな,,,
1175463342,3174,誰か　ぱっぱっぱらぱっぱっぱぱらいぇいいぇいえー　てED知らないか？,,,
1175468250,3276,↑スマン解決した,,,
1175669598,6149,ソロ持ってる,,,
1175963632,1118,当然持ってる,,,
1176136808,522,ぱっぱ　ぱっぱ　ぱっぱらぱら　ってやつも好き,,,
1176358228,6623,Sha la la la la la la・・・,,,
1176369634,1152,うぃーあーざーびーくとーりーず,,,
1176994954,3318,ちゃーちゃらららーらーらーマイドリーム　　ってなんだっけ,,,
1177304464,2465,kimoi,,,
1177304508,6763,うぇうぇ,,,
1177470981,5222,主題歌集のフルコーラスで藤吉のソロが分からない…,shita,nan,nan
1178039511,1032,なつかしい,,,
1178039570,6925,歌える自分がいる,,,
1178113470,3114,リョウの声だけ浮いてて笑える,,,
1179225338,2696,ノリノリだな,,,
1180371237,2453,この曲はかわいくて好き,,,
1180371263,5151,これのフルききたい,,,
1180828518,982,ﾅﾂｶｼｽ,,,
1180852203,3840,レッツゴー！！,big pink,nan,nan
1181833815,3647,リョウワロスｗ,,,
1181833830,5768,うぃーあーざ　びーーーくとーーーりーーーーず,,,
1183810085,2518,水の上イィネ(・∀・),,,
1183818356,65,これは名曲,shita big red,nan,nan
1183818706,5342,藤吉のソロはリョウの後の「So! Let's Go!!」だけ,,,
1184609448,6031,これのカップリングもネ申だったなぁ　BATTLE SCRUM誰か知ってる？,,,
1185428845,805,なにこれ,,,
1185428871,3458,たしかに,,,
1185428908,7107,リョウｗｗｗっｗｗ,,,
1185428908,7191,ｗｗ,,,
1185449478,536,あーｗ,,,
1185449481,865,なっついなｗ,,,
1185594176,6262,リョウの声がGAのフォルテさん並に浮いてるｗｗ,,,
1186483308,1170,この曲好き！！！とくに烈と豪がいいーーーーー！！！！！,orange,nan,nan
1186483368,5081,CDかったーーー！！！（テーマソング,green shita small,nan,nan
1186558826,7335,土屋の声はいってない？,,,
1187671915,3281,なつかしす,,,
1187721404,499,なっつかしいいいいいい,,,
1187721417,1771,あまりの懐かしさｗ,,,
1187721449,4942,うむTZだがなにか,,,
1188738722,4282,サイクロンからＴＺだよ,,,
1189879160,6721,なつかしい,,,
1190124866,7316,スーパーサイクロンサーキット,shita,nan,nan
1190279516,7353,入ってるよ,,,
1190376403,823,これ神曲すぎてマジ泣ける,,,
1190376428,3414,教室で歌ってたのが懐かしい,,,
1190376438,4410,２番の方がみんなのソロがあって好きだ,,,
1190451007,643,なつかしい,,,
1190451039,3866,レッツゴーなにげに神曲多いよな,,,
1191788852,178,神EDｋｔｋｒ,cyan big,nan,nan
1191788896,2779,あああああああもう大好きだ！！！,cyan big,nan,nan
1194025683,7499,グレートアトミックサーキットだよ,184,nan,nan
1194745873,1748,神曲,184,nan,nan
1194748933,2986,baby boyもいいよな,184,nan,nan
1197163334,1014,神EDｷﾀｰｰｰｰｰｰｰｰｰ,184,nan,nan
1197343580,7194,懐かしい,184,nan,nan
1197394724,1126,これは覚えてるわ,184,nan,nan
1198812065,5648,バスターソニックは愛車,184,nan,nan
1198812080,7129,Jは？,184,nan,nan
1199261205,792,なつい！！！！,184,nan,nan
1199261217,1980,なけるーーーーーーー,184,nan,nan
1199261233,3600,レッツゴー！,184,nan,nan
1200105780,3506,2番ではリョウのソロパートがあります,green shita small 184,nan,nan
1200132394,1045,元気なうた,184,nan,nan
1200132408,2476,このED大好き,184,nan,nan
1200132423,3934,レツゴ－！,184,nan,nan
1202215898,2147,学校帰りの電車でこれ聞きながら帰ってる,184,nan,nan
1202215935,3994,ソニック自重,184,nan,nan
1202304672,3366,だれかサイクロンマグナム買って,184,nan,nan
1202740884,6427,マグナムソニックかっけー,184,nan,nan
1205823912,2544,こういう長距離コースは掃除が大変そうだ,184,nan,nan
1205839843,5258,みんなでタミヤの大会に参加しよう！！！！,184,nan,nan
1205859640,1998,寺宝うぜえ,184,nan,nan
1206024310,2811,リョウ好きにはたまらん浮き方,184,nan,nan
1206251215,2153,懐かしいｗ,184,nan,nan
1206287685,4846,当時はまったなぁ,184,nan,nan
1206320609,2197,今でもよく歌ってる･･･(ぇ),184,nan,nan
1206506415,6332,ミニ四駆また買いたくなったｗ,184,nan,nan
1206884909,1223,コメント１０１～,184,nan,nan
1209791687,1079,神キタ,,,
1213198331,731,鉄心ｾﾝｾの声優さんって亡くなってんだよな・・・,184,nan,nan
1213632540,828,ow,184,nan,nan
1213632544,1160,おｗ,184,nan,nan
1214040639,3785,これ好き　フルバージョンあったらお願いします,sage 184,nan,nan
1217205464,2774,うわぁ～,184,nan,nan
1217205467,3085,懐かしい～！,184,nan,nan
1217205468,3234,最高！,184,nan,nan
1217205475,3887,いいじゃんか！？,184,nan,nan
1217205483,4655,コレ大好きだった,184,nan,nan
1217205499,6327,いいですな～,184,nan,nan
1217205501,6499,最高！,184,nan,nan
1217205505,6883,おもろい！,184,nan,nan
1217205512,7503,！,184,nan,nan
1218363132,7503,次回,184,nan,nan
1219585051,1144,取手,shita 184,nan,nan
1219585053,1492,天王台,shita 184,nan,nan
1219585057,1902,我孫子北柏,shita 184,nan,nan
1219585067,1418,天王台,shita 184,nan,nan
1219585074,1656,我孫子,shita 184,nan,nan
1219585082,2498,しんまつど,shita 184,nan,nan
1219585093,3545,きたせんじゅ,shita 184,nan,nan
1219585097,3931,町や,shita 184,nan,nan
1219585099,4195,西日暮里,shita 184,nan,nan
1219585110,5222,赤坂の喫茶か,shita 184,nan,nan
1223353400,5084,うｐ主に感謝,184,nan,nan
1223389881,16,超CGｗｗｗｗｗ,,,
1227312484,3009,当時としては神レベルのCGだな,184,nan,nan
1227709713,3383,これ全国大会のコース？女の子が優勝した・・,184,nan,nan
1233471706,5672,CDどこいったかな…,184,nan,nan
1233757483,6936,たかのさんはうたいたくなかったらしいｗ,184,nan,nan
1234151289,5409,っへ！！,shita 184,nan,nan
1236163142,4927,ＤＶＤＢＯＸのノンテロップのやつには気分悪くなるから２ｍぐらい離れろって描いてある,orange 184,nan,nan
1252755958,5402,確かどっかの大会にこんなサーキットで走ってたような・・・,184,nan,nan
1256110088,3108,まさに　ネ☆申　だぜ,184 red big,nan,nan
1256435133,1076,見てたなぁ,184,nan,nan
1257419730,5015,下ｗｗｗｗｗ地元ｗｗｗｗｗｗ,184,nan,nan
1259597652,3040,リョウ君人気だね。レツ好きの私嫉妬,184,nan,nan
1259680390,2127,うう；目が回る；,184,nan,nan
1266417669,3749,リョウの声がやたら目立つｗｗｗ,184,nan,nan
1316335272,7153,Z・M・C！Z・M・C！,184,nan,nan
1326637139,2727,当時見てなかったんだよな・・・,,,
1329127391,1682,これが最期のがよかった,184,nan,nan
1329613115,1068,このＣＧがすごい好きだった,184,nan,nan
1330188299,1144,運動会で踊ったんです,184,nan,nan
1342418407,2348,３Ｄはターゲットボーイだろ,184,nan,nan
1344574341,5188,かわいい,184,nan,nan
1408932280,1244,取手,184 shita green,nan,nan
1408932291,1384,天王台,184 shita green,nan,nan
1408932298,1559,我孫子,184 shita green,nan,nan
1408932306,1647,北柏,184 shita green,nan,nan
1408932331,1873,柏　南柏,184 shita green,nan,nan
1408932338,2177,北小金,184 shita green,nan,nan
1408932349,2372,新松戸　馬橋,184 shita green,nan,nan
1408932360,2646,北松戸　松戸,184 shita green,nan,nan
1408932374,2975,金町　亀有　綾瀬,184 shita green,nan,nan
1408932380,3557,北千住,184 shita green,nan,nan
1408932400,3918,町屋　西日暮里,184 shita green,nan,nan
1408932412,4224,千駄木　根津,184 shita green,nan,nan
1408932422,4402,湯島,184 shita green,nan,nan
1408932443,4530,新御茶ノ水　大手町,184 shita green,nan,nan
1408932476,5229,赤坂　乃木坂　表参道,184 shita green,nan,nan
1408932488,5575,明治神宮前,184 shita green,nan,nan
1408932508,6319,代々木公園　代々木上原,184 shita green,nan,nan
1410760503,47,絵桐.萌村,184,nan,nan
1420797745,699,懐かしいーーーー,184,nan,nan
1420797847,3293,駅名やめて,184,nan,nan
1426607399,6714,さいこうだ・・・,184,nan,nan
1439821578,6128,泣ける(T ^ T)あの頃カムバック,184,nan,nan
1443526288,4209,下なんだwwwwwwwww,184,nan,nan
1444315643,1579,声優が滅茶苦茶豪華,184,nan,nan
1173189169,2113,弱キャラ乙,,,
1173189213,2676,結局一番コンボが入りやすいのがQというオチ,,,
1173862848,3038,まずQでスタンへ持っていくこと自体が（ｒｙ,shita,nan,nan
1174121668,2806,とりあえずQで相手をスタンにする方法を教えてください,,,
1174494030,2968,4中Pのスタン値はヤバイゼ,,,
1174690168,1003,Rhapsodyかよ,,,
1174828668,2907,ラプソディいいよラプソディ,,,
1174889192,3290,スーパープレーってほどじゃないｗ,,,
1175964669,1628,きめえ音楽,,,
1176442519,1199,他のコンボムービーでも聴いた覚えがあるんだけど・・・ラプソディ好き多いのか？,,,
1177294752,1617,エメソワロタｗｗｗｗ,,,
1177423535,3277,エメソもう終りかよwwwwwwww,,,
1177591774,1933,MADやゲーム動画で使いやすいんじゃね　Rhapsodyは,,,
1178901345,614,エメラルドソードか,,,
1191337585,925,俺はQしか使えない,,,
1192545885,2296, Qはつええ,,,
1200868522,2816,捕獲でスタンさせれる事ってあんまなさそうだ,184,nan,nan
1201702769,920,↑よう俺,184,nan,nan
1237712977,1264,北斗の動画でもこの局よくつかうな,,,
1242714913,2629,使いこなせるとこれ以上においしいキャラないわ,184,nan,nan
1253786654,70,ラプソディ自重ｗｗｗ,184,nan,nan
1262365398,950,❁,184 big,nan,nan
1262365456,950,✫,184 big,nan,nan
1262365466,950,❂,184 big,nan,nan
1262365483,950,✡,184 big,nan,nan
1262365496,950,✾,184 big,nan,nan
1262365621,1246,❀,184 ue big,nan,nan
1262365632,1246,✾,184 ue big,nan,nan
1262365635,1246,☆,184 ue big,nan,nan
1262365641,1246,✫,184 ue big,nan,nan
1262365656,1246,✢,184 ue big,nan,nan
1262365661,1246,☤,184 ue big,nan,nan
1262365665,1246,☸,184 ue big,nan,nan
1262365702,1656,†,184 ue yellow big,nan,nan
1262365708,1656,☤,184 ue yellow big,nan,nan
1262365713,1656,†,184 ue yellow big,nan,nan
1262365717,1656,☸,184 ue yellow big,nan,nan
1262365745,2084,☸　　　☸,184 ue yellow big,nan,nan
1262365774,2084,☸　　　　☸,184 ue green big,nan,nan
1262365809,2084,☸　　　☸,184 ue red,nan,nan
1262365825,2084,☸　☸,184 ue red small,nan,nan
1262365846,2084,☤　　　　　　☤,184 ue green big,nan,nan
1262365915,2460,☸　　　　　☸　　　　　☸,184 green big,nan,nan
1262365947,2460,☸　　☸　　☸　　☸　　☸,184 green small,nan,nan
1262365967,2460,☸　　☸　　☸　　☸,184 green,nan,nan
1262366026,2813,☸☸☸☸☸☸☸☸☸☸☸☸☸☸☸☸☸☸☸☸☸☸☸☸,184 green,nan,nan
1262366033,2813,☸☸☸☸☸☸☸☸☸☸☸☸☸☸☸☸☸☸☸,184 green,nan,nan
1262366045,2813,☸☸☸☸☸☸☸☸☸☸☸☸☸☸,184 green,nan,nan
1262366053,2813,☸☸☸☸☸☸☸☸☸,184 green,nan,nan
1262366064,2813,☸☸☸☸,184 green,nan,nan
1262366080,3163,☸☸☸☸☸☸☸☸☸,184 green,nan,nan
1262366104,3163,☸　　　　☸　　　　☸　　　　☸,184 green,nan,nan
1262366125,3163,☸　　　　　☸　　　　　☸　　　　　☸,184 green,nan,nan
1262366149,3163,☸　　　　　　☸　　　　　　☸　　　　　　☸,184 green,nan,nan
1345132459,1541,ほおこんな動画が・・,184,nan,nan
1410861051,2289,中Pそんなに機能するんだｗ,184,nan,nan
1173139358,1195,よくできてる,,,
1173139455,2202,ぬ？,,,
1173139472,3892,順次に歌うのかｗｗｗｗ,,,
1173139551,11857,キョンと古泉はなしかこれはこれの9人ｖｅｒもききたいな,,,
1173139650,21159,これはいいなまじ,,,
1173139819,15498,すげぇｗｗｗｗｗｗｗｗｗ合ってるｗｗｗｗｗｗｗｗ,,,
1173139847,6520,アメーバのほうクソ重過ぎて移動しますたｗｗｗｗ,,,
1173140117,17447,久々に聞く怒涛の７人編集だ,,,
1173140741,21052,見入ってコメントするのを忘れてしまった・・・,,,
1173143621,15768,この編集はネ申ｗｗｗｗ,,,
1173143653,19584,あってるｗｗｗ,,,
1173144151,5927,ここはEDのままだろ,,,
1173144255,16321,このMADはすごいな,,,
1173144285,4287,俺の嫁,,,
1173144326,20088,怒涛だな,,,
1173144473,690,これはすごい,,,
1173145105,2406,ハルヒは俺の｢嫁,,,
1173145242,16115,いいいいいいいいよおおおおおおおお,,,
1173145273,16199,ピーマン食え35歳！！！！！１１１１,,,
1173146171,18934,普通に1曲の曲としてしか聞こえない…すげえ,,,
1173146418,11640,すげええなｗ,,,
1173146480,15676,はさみぃ,,,
1173147455,18304,もう本家出せねーな　こういうのｗｗｗｗ,,,
1173147649,14448,ざ☆ん☆ね☆う,big blue shita,nan,nan
1173147858,3650,やっぱアメーバよりこっちのが・・・いいよな,,,
1173147894,7498,キョン萌え(*´д`*),,,
1173147983,16502,てへへ♪は世界破滅させる気か。,,,
1173148022,19446,うまいｗｗ,,,
1173148028,20677,最後まで萌えました,,,
1173154904,15315,リスクでぇす！,big green,nan,nan
1173163483,9851,鶴屋さｎｷﾀｺﾚ,,,
1173163989,20898,凄すぎてコメントできない件,,,
1173165056,1061,１００コメントめざすぞ,big,nan,nan
1173165079,4302,萌えーー,big,nan,nan
1173165264,12231,憑　か　れ　る,big shita,nan,nan
1173165305,12285,憑かれる,red,nan,nan
1173165351,16390,オキテーえ,red,nan,nan
1173165511,10888,にょろ～,,,
1173165615,19171,めがっさぁ,,,
1173165928,6103,一人１０コメントな,shita red big,nan,nan
1173165957,12588,いいおいいお,shita red big,nan,nan
1173166107,10377,声がエロイ,,,
1173166144,6857,一人１０コメわろたｗｗｗ,,,
1173166539,4305,いいね,cyan,nan,nan
1173175481,7933,＊間奏＊,shita big yellow,nan,nan
1173175809,141,＊前奏＊,shita big yellow,nan,nan
1173176445,8829,俺の嫁,shita black,nan,nan
1173176844,2553,俺の嫁パート,red,nan,nan
1173177018,3916,お？お？おｗ,,,
1173177514,4101,もじぴったんもよろしく！！,big shita red,nan,nan
1173177943,16144,うまーーーw,,,
1173178567,12184,誰コレ,,,
1173191191,10598,        ↓毛虫のような眉毛,ue red,nan,nan
1173191474,13312,めがっさ！,,,
1173193341,9007,やっぱこれいいね。,,,
1173193430,17533,３５歳言うなｗ,,,
1173193822,6896,眉の動きがいい,,,
1173194498,7928,タグﾜﾛｽｗｗ,,,
1173197028,7643,キョンは俺の嫁(ﾟ∀ﾟ),big red shita,nan,nan
1173197185,214,作ったやつＧＪ( ≧∀≦)b,big red shita,nan,nan
1173212472,11311,☆☆テヘ☆☆,big pink sita,nan,nan
1173212588,16380,ここまでしないとおきてない…キョン…カワイイ…,big pink sita,nan,nan
1173213315,12194,喜緑江美里さん,big green,nan,nan
1173213330,13782,にょろーん,big green,nan,nan
1173213446,908,アメーバからきました,,,
1173213531,9417,俺の嫁にょろ,,,
1173213673,19736,入ります？,green,nan,nan
1173263145,609,これではるぴったんキボン（・∀・）,,,
1173269714,10112,小説立ち読みしてきますたｗｗｗ,big red shita,nan,nan
1173270350,2132,wktk,,,
1173270438,10938,うめぇｗｗｗｗ,,,
1173274957,4911,泉こなた,big green,nan,nan
1173278114,16750,声震えてる,shita,nan,nan
1173278182,13411,ちゅるやさｎ,shita,nan,nan
1173278199,15101,つかれてるｗｗ,big,nan,nan
1173278227,17951,受験終わったー,big,nan,nan
1173278412,20767,あんまりコメントするとダメになるしね,big,nan,nan
1173294166,13977,朝倉さんうますｇ,,,
1173328290,20861,まさに神,,,
1173345895,6794,よしきたｗｗｗ,,,
1173345909,8257,古泉のエロさは異常。,,,
1173345981,15399,ざんねうバロスｗｗｗｗ,,,
1173346045,19898,何だこのクオリティは…,,,
1173346076,20773,はいはいF5の時間ですよｗ,,,
1173348922,20754,これは有りだろ,,,
1173353672,1915,これはなんだー,,,
1173353727,5998,一樹たのしそうだなｗ,,,
1173353760,7881,うなだれかわゆすｗｗ,,,
1173354017,10245,コメント薄いなｗ,,,
1173354035,12066,妹,,,
1173354043,12773,エヘヘ,,,
1173354084,16920,キョンすげえｗｗ,,,
1173371949,7748,古泉は俺の嫁,purple shita big,nan,nan
1173372034,7633,俺の嫁（古泉）がノリノリだ,,,
1173395618,9694,グループ魂に押され気味だな,shita,nan,nan
1173400706,3581,みいるな！,,,
1173421070,14555,宇宙人３号,,,
1173463471,7030,これはいいｗｗｗｗｗｗ,black,nan,nan
1173463607,20551,それにしてもこの動画ノリノリである,shita ,nan,nan
1173463651,2830,１００ゲトー,red,nan,nan
1173501718,20989,Ｆ５連打しろ!!,cyen,nan,nan
1173599259,20444,９人ver作ってくれ,,,
1173616583,3532,俺の嫁,,,
1173784685,7351,やっぱこのダンスはこの曲が一番,,,
1173907430,20997,これがもとじゃねーの？,,,
1173907808,20117,すげえいい　ｇｊ！！！,,,
1173908335,3085,何回F5を押させる気だ,,,
1174057214,17988,俺も終わったぜ,,,
1174062327,1328,すごいのか,,,
1174062397,8392,２番か,,,
1174062403,9029,冒険で書でしょ,,,
1174062412,9910,童貞でしょでしょ,,,
1174062487,17287,ぶーーーーん,,,
1174062519,20324,うめーーーー,,,
1174063440,8532,ここからが良い,,,
1174063451,9553,ちゅるやさん,,,
1174063460,10483,ブルマ,,,
1174063517,16167,ピーマンいらな～い♪,big green,nan,nan
1174063565,20992,ＧＪ(^_^)b,big green,nan,nan
1174065608,4592,あ　　そ　　ぼ　　う　　！,,,
1174065744,7721,好　き　で　し　ょ　！,,,
1174065838,9247,めがっさ　(^-^),center green,nan,nan
1174065993,17479,あ　　そ　　ぼ　　う　　！,mannnaka cyan,nan,nan
1174066162,18309,萌え～,,,
1174066231,18605,手からビ～ム！,cyan,nan,nan
1174066334,20778,エクセレント！,big green,nan,nan
1174098946,9341,僕はかずきじゃなくていつきです,,,
1174099042,18944,長門おおおおおおおお,,,
1174099060,20736,めがっさにょろーん,,,
1174105660,14715,きみどりさんは長門のバックアップ,shita,nan,nan
1174115116,7706,よころべぇ、俺の股間が古泉を欲しがっている,shita,nan,nan
1174199630,16770,この編集は神,big green,nan,nan
1174226554,2537,バトンタァッチ!!!!!,,,
1174226618,8950,鶴屋さぁぁぁぁぁぁぁん!!!!!!!!!!!!!!,big green,nan,nan
1174226632,10329,こわっ!!!,big green,nan,nan
1174226649,12061,緑文字強制!!!!,big green,nan,nan
1174226663,13498,っさ,big green,nan,nan
1174226695,15653,はさみ貸して～～～～～～～～～～～～,big red,nan,nan
1174226760,17594,最後は全員で～～～～、GO!!!!!!!!!!!!!!!!,big red,nan,nan
1174226807,20697,GJGJGJGJGJGJGJGJGJGJGJGJGJGJGJGJGJGJGJGJGJ,shita green,nan,nan
1174228362,20893,GJ!!!,red,nan,nan
1174316533,7696,問題はこの後だ,,,
1174316682,10776,これ誰？,,,
1174316710,13270,これは無理矢理合成か,,,
1174328852,8607,おぉいいね,,,
1174328886,11982,かわいい,,,
1174348406,21065,高画質版→sm5998,,,
1174361396,7735,嫁？！,,,
1174361411,8378,ちゅるやさん,,,
1174361422,9493,俺の嫁！！,,,
1174446590,2137,ワロスｗｗｗｗｗｗｗｗｗｗｗｗｗｗｗｗ,big green,nan,nan
1174446700,13124,すごｗｗｗｗｗｗｗｗｗｗｗ,big green,nan,nan
1174446708,13923,でたｗｗ,big green,nan,nan
1174446746,17714,すごすｗｗｗｗｗｗｗｗｗｗｗｗｗ,big green,nan,nan
1174447588,13612,最強じゃんこれｗｗｗｗｗｗｗｗ,,,
1174447622,19712,編集神棚ｗ,,,
1174447647,14644,進みますか　帰りましょうか,shita red,nan,nan
1174447679,17860,きた～～～～～～,shita red,nan,nan
1174451402,3640,これがニコニコで見れるとは思わなかった,big green,nan,nan
1174451425,6039,後半ｗｋｔｋ,big green,nan,nan
1174451461,9596,鶴屋さーーーーーーーーーーん,big green,nan,nan
1174451530,16500,ピーマン,big green,nan,nan
1174451539,17387,くるぞ,big green,nan,nan
1174454419,11815,俺の嫁,,,
1174455910,21039,これは神動画,shita,nan,nan
1174459184,18455,みくる可愛いよみくる(*´д｀*)ﾊｧﾊｧ,,,
1174461399,6497,断る,shita,nan,nan
1174477703,15838,あたしコーラ～～!,big green,nan,nan
1174507454,20794,ん～マンダムｗｗｗ,,,
1174524236,20545,すげえ,,,
1174549317,5376,もじぴったん思い出す,big green,nan,nan
1174549364,10096,いぇーい,big green,nan,nan
1174549368,10491,でたｗｗｗ,big green,nan,nan
1174549381,11847,喜緑さぁあああああああああああん♪,big green,nan,nan
1174549414,15101,戻りましょうか？,big green,nan,nan
1174549441,15321,リ・ス・クでぇ～す,big green,nan,nan
1174549452,16374,私ソーダ,big green,nan,nan
1174549469,18051,ええ,big green,nan,nan
1174549476,18756,いぇ～い♪,big green,nan,nan
1174558732,6847,うまいな,,,
1174558875,21086,すげええええええええ,,,
1174560069,8022,キョンかわいいｗ,,,
1174560078,8913,おおいｗｗｗ,,,
1174560085,9563,かわいい,,,
1174560095,10574,ブルマ,,,
1174560106,11690,ｗｗｗｗｗｗ,,,
1174560118,12889,いいねえ,big green,nan,nan
1174560132,14274,歌うめえええええ,big green,nan,nan
1174560148,15916,ｗｗｗｗｗｗｗｗ,big green,nan,nan
1174560159,17021,キョーン！！,big green,nan,nan
1174560174,18537,かわいいｗ,big green,nan,nan
1174560193,20347,つよいｗｗｗｗｗｗ,big green,nan,nan
1174560214,815,２回目.+（´^ω^`）+.,,,
1174560223,1742,もうすぐ２００！！,,,
1174560234,2842,この動画は神,,,
1174560247,4125,かわいいよｗ,,,
1174560256,5036,もじぴったん思い出す,,,
1174560272,6646,１０コメ了解,red,nan,nan
1174560282,7641,神.+（´^ω^`）+.,red,nan,nan
1174560287,8165,２００ゲトヽ( ^ω^)ノ,red,nan,nan
1174560349,17411,(*´д｀*)ﾊｧﾊｧ,,,
1174560572,3736,いいね,shita,nan,nan
1174560793,14171,いいーーーーー,shita,nan,nan
1174560868,8258,ｗｗｗ,shita,nan,nan
1174560972,18638,ｗｗｗｗｗｗ,shita,nan,nan
1174560995,20941,いい,shita,nan,nan
1174561110,2549,長門－－－－☆☆☆☆,,,
1174561156,1839,ｗｗｗｗ,,,
1174574179,9456,編集いいね,,,
1174608854,8691,ん？,,,
1174608926,15869,こええぇ,,,
1174631553,16222,はさみーーー♪,,,
1174648161,7630,おｋ,,,
1174648175,9012,楽しみだｗ,,,
1174648181,9550,にょろー,,,
1174648194,10841,神ｷﾀ━━━━━━(ﾟ∀ﾟ)━━━━━━!!!!,,,
1174648202,11672,ｗｗｗ,,,
1174648289,20336,GJ,,,
1174651446,17964,ここで鳥肌,shita,nan,nan
1174672914,20280,アンチコメントがないってのが凄い,,,
1174674104,14852,最近携帯とかで流行りの「全部入り」ってやつかああああｗｗｗｗｗｗｗ,,,
1174700530,15943,すげぇｗｗｗｗｗ,,,
1174703411,178,これにコメントしてるヤツはにわかオタ,big shita blue,nan,nan
1174712268,7320,古泉ぃぃぃぃ,,,
1174712306,9586,めがっさめがっさ,,,
1174712314,10117,朝倉さん！,,,
1174712322,10637,あっさくっらさん１,,,
1174712332,11361,キョン妹ｗｗｗ,,,
1174712363,14002,あっさくっらさん,,,
1174712372,14665,ざんねうｗ,,,
1174712381,15449,おいｗキョン妹はどうしたｗ,,,
1174712384,15732,ここかｗ,,,
1174714116,4822,LOVE☆LOVE,green shita,nan,nan
1174714193,8318,ハマるわなぁ・・・,green,nan,nan
1174714235,9423,めがっすわぁぁぁ〜〜〜,big green,nan,nan
1174717835,20396,編集　ネ申!!,,,
1174723140,18006,感動した,,,
1174727039,2403,ﾜﾛｗｗｗｗｗ,,,
1174727413,16345,やべぇ・・・キョン妹がはじめて萌えたｗｗｗ,,,
1174728844,4639,全然ずれてないじゃないかｗｗｗｗｗ,,,
1174729041,2458,再生数いつの間にか伸びすぎｗｗｗｗ,,,
1174729419,10761,ハレ晴レはもうこれしか聞けないなｗｗｗ,,,
1174766563,3255,再生しなおすのにいちいちF5押してるのかよ・・・最低のキチガイだな,,,
1174767725,10420,委員長～～～～！！,red shita big,nan,nan
1174767763,13837,委員長,red shita big,nan,nan
1174773024,10052,ちゅるやさんが一番だろ？,,,
1174773051,12419,てへ☆,,,
1174777137,7246,１０コメか,,,
1174777151,9010,え,,,
1174777160,9874,かわぁああああああああああぅぃ,,,
1174787347,901,つえｗ,,,
1174787506,15640,オタはこれ聞いてトキメクのか、、でもリアルではトキメけ無いんだ,,,
1174787542,19199,想像で遊んでな,,,
1174787549,19903,がき,,,
1174793215,3370,あれ？,,,
1174793275,9326,これはすげえな,,,
1174793341,15977,いもうとｗｗｗｗｗｗ,,,
1174793653,6439,ノ,,,
1174793655,6646,ノ２,,,
1174793656,6770,ノ３,,,
1174793660,7020,ノ４,,,
1174793661,7214,ノ５,,,
1174793753,5705,萌えええええええええええ,red,nan,nan
1174796186,1863,今日もきますた,,,
1174796355,18740,受験乙,big green,nan,nan
1174818877,3623,みくる,,,
1174818953,9033,鶴屋さん,,,
1174818981,10705,朝倉,,,
1174818987,5833,これは,,,
1174819136,20796,ネ申,,,
1174819210,6758,ネ申。,big green,nan,nan
1174825634,21086,本当に素人編集なのか？,,,
1174827242,7455,神だな,,,
1174827251,8357,いいねー,,,
1174827267,9903,すげー！！！ｗ,,,
1174827279,10896,切り替えうますぎｗ,,,
1174827301,13385,でもメロディ違うのもあるしな、どうするんだろｗ,,,
1174827316,14817,これ作った人天才！,,,
1174827350,18244,かっこいい！,,,
1174827361,19297,かわいいｗ,,,
1174827378,21005,乙！,,,
1174831040,11230,びゅーんコケタｗｗｗｗｗ,,,
1174831151,16413,そーせーせきハサミ貸してｗｗｗｗｗｗ,,,
1174831299,10948,夏子,,,
1174831422,20998,男がいないからここまで来た,,,
1174832726,15949,　　　　　　　タワシコーナー,big blue shita,nan,nan
1174833359,12865,wwwwwwwwwwwwww,big green,nan,nan
1174833439,20922,ハイクオリティ,big green,nan,nan
1174836372,10162,八重歯,,,
1174836426,15613,てぃひ☆,,,
1174836438,16794,おきて,,,
1174836467,19456,長門！！！！,,,
1174836480,20992,かみ,,,
1174837192,14481,うま,,,
1174837258,21034,神,,,
1174841178,234,おまえもなｗ,shita,nan,nan
1174841267,8357,ここからが神,shita,nan,nan
1174841283,9947,繋げ方がうめぇｗ,,,
1174841287,10363,よし,,,
1174841289,10585,きたー,,,
1174841293,11039,３００ｗ,,,
1174841394,21076,乙！,,,
1174845647,11468,あおき自重ｗ,,,
1174849860,20974,古泉ノリノリすぎだろｗｗｗｗｗｗ,,,
1174849920,6269,キョン愛してる,big green,nan,nan
1174849988,12745,きょんーーー！！！！！！,red,nan,nan
1174851083,4336,計測事項です(*-ω・)b,shita,nan,nan
1174852543,1455,うえええええええええええええええええい,shita,nan,nan
1174852597,6855,ここいい,shita,nan,nan
1174852646,11708,びゅううううううううううううううううんｗｗ,shita,nan,nan
1174852689,15987,うわｗｗｗかわいいｗｗｗ,,,
1174852720,19166,いえいえいえいえいえいえいえｗｗ,,,
1174852737,20783,ＧＪＧＪＧＪＧＧＪＧＪ,,,
1174852738,20927,せりｔｙうぇｒ９ｔｆ「,,,
1174870671,20280,クオリティ高すぎ,,,
1174870707,20349,クオリティ高すぎｗｗｗｗｗｗｗ,,,
1174882753,8442,うはｗｗ,,,
1174885635,19814,受験おつ,,,
1174889462,7117,別にクオリティ高くないじゃん,,,
1174889558,17964,シアかよ,,,
1174893234,20250,編集ネ申…！！,,,
1174898502,20890,ｇｊｇｊｇｊｇｊｇｊｇｊｇ,,,
1174914274,8275,神！,,,
1174914291,9863,かわゆーーーーーーーー,,,
1174914325,13327,さいこおおおおおおおおおおおおおおおおおお,,,
1174914479,20632,かわゆすううううううううううう,,,
1174914486,21155,神,,,
1174916454,13552,あなたが神か。,shita,nan,nan
1174920508,17954,その技術俺にください,,,
1174921432,5366,おっとこーなら,,,
1174925036,11828,これくらいの編集誰でもできるだろ,,,
1174928684,17037,あなたが神か,shita,nan,nan
1174928701,18476,神いわゆるゴッド,shita,nan,nan
1174928738,20710,でしょ？,shita,nan,nan
1174929902,3050,この動画はもっと評価されるべき,shita,nan,nan
1174931336,9540,松岡あああああああああああああああああ！！！！,,,
1174956871,5679,キョンかわいいよキョン,,,
1174956885,7027,キョンは俺のものだから,,,
1174956945,12993,キョンかわいいよキョン,,,
1174960516,2644,これはなにがすごいんだ？,,,
1174964086,19762,感動～,,,
1174968977,10232,全然違う歌を画に合わせたのか？？,,,
1174974239,238,え？,blu big shita,nan,nan
1174974647,13349,さっ,,,
1174996572,3350,すげえ軽い！,,,
1174996622,8372,ｍｊｄｋ,shita,nan,nan
1174996639,10087,朝倉～！！！,red,nan,nan
1174996647,10864,声すげえｗｗｗ,red,nan,nan
1174996661,12285,つかれる,red,nan,nan
1174996697,15846,ｷﾀｰｰ！,red,nan,nan
1174996706,16497,ｷｮﾝ君おきてー,red,nan,nan
1174996745,20621,うぇうぇうぇうぇ,red,nan,nan
1174996748,20934,ああああ,red,nan,nan
1175000667,3730,ブーーー（　＾ω＾）ーーーン,,,
1175013848,8811,この動画の良さがわからん。他のやつのほうが良くない？,red,nan,nan
1175022023,19753,良いクオリティだな,,,
1175031849,1711,一日三回見てますｗ,,,
1175031865,3359,ここ最高,,,
1175032004,17220,ＬＤ買ってくるwa,big green shita,nan,nan
1175042203,17792,巧いなぁ,,,
1175049135,3636,時間の果てまで,,,
1175049177,6591,ミクルかわいいな,,,
1175049262,15005,あ,はぁはぁ,nan,nan
1175051669,16563,-,,,
1175052614,1317,3回目,,,
1175052683,8519,この後が問題だ,,,
1175052730,13197,すごいね,,,
1175052776,17813,可愛い～～～妹～～,,,
1175065485,20971,otu,,,
1175066011,20600,いいな,,,
1175070481,11448,朝倉歌うまいな,,,
1175070517,15070,ざんねうｗ,,,
1175070521,15478,りすくです,,,
1175076245,10284,朝倉さんを見るとひぐらしを思い出してしまうのは俺だけか？,,,
1175083705,457,ズレてな～い,pink big,nan,nan
1175083748,4848,ちょｗｗｗ　これすごいなぁ。。。,pink big,nan,nan
1175083810,11003,こわっｗｗ,,,
1175083844,14443,こわいってｗｗ,,,
1175083905,20509,神・・・,,,
1175083918,21159,神　おつ～,,,
1175088840,8657,鶴屋さんは渡さんｗ,,,
1175090883,13857,すごすぎるｗｗｗｗｗ,,,
1175095492,9838,苗字が同じ俺はめがっさいただき,big green,nan,nan
1175095548,15104,小泉自重,red,nan,nan
1175095598,10078,次は!!,,,
1175095688,18335,すごすぎる,,,
1175111385,19336,あれ？いま俺の妹出てなかった？,,,
1175127543,6118,いいねぇー,pink,nan,nan
1175127623,13725,w,purpie,nan,nan
1175138545,13725,ちょｗｗｗｗｗｗｗｗ神ｗｗｗｗｗｗｗｗｗｗｗｗｗｗｗｗｗｗｗｗ,,,
1175139816,3177,Wow！！,,,
1175152655,16154,３０才「ピーマン嫌い」,big green,nan,nan
1175153041,4374,みくるは俺の嫁,,,
1175156130,1795,アホの子ｗｗｗｗｗｗ,,,
1175156346,21039,ハルヒ厨そろそろ死ねｗｗｗｗ,big shita,nan,nan
1175164223,8082,これはもっと評価されるべき,,,
1175166065,6000,あ,,,
1175168081,11962,これはネ申だろ。常識的に考えて,,,
1175171517,13176,繋げ方うまいな…,,,
1175171565,17981,すげぇぇぇぇぇっぇえ,,,
1175171576,19124,確かにこれは評価されてもいいわ・・・,,,
1175178920,5512,キョンは私の婿,,,
1175179836,15397,sugeeeeeeeeeee,,,
1175180076,3271,何がどう凄いの？,,,
1175180145,10497,ほ～・・・,,,
1175180160,12016,これは切り替えが本当にうまい,,,
1175186871,172,一日寝る前にに一回見て寝る。そう歯磨きのように,big green,nan,nan
1175188443,21159,良くやった,,,
1175189134,10107,古泉はいただいた,pink big shita,nan,nan
1175190655,9530,さあ・ここから更にネ申！,,,
1175198165,4571,いや、みくるは俺の嫁,,,
1175213787,3494,ここで唐突にDo you know Oyashirosama?,big green,nan,nan
1175213853,10154,にょれろーん,big green,nan,nan
1175234056,6787,きょおおおおおん,,,
1175235700,17768,うめぇ,,,
1175270474,13516,あさくらあああああああ,,,
1175270490,15169,ドキッドキッ,,,
1175286141,21155,ハーイｗｗ,shita,nan,nan
1175415133,8555,くるぞｗｗｗ,,,
1175523676,21159,すげー,,,
1175791935,18876,つるやさんｶﾜｲｽ,,,
1175947484,18038,LV30の妹,,,
1176363111,554,のりのりｗ,,,
1176375479,9378,きめぇｗｗｗｗｗｗｗｗｗｗｗｗｗｗｗｗｗｗｗ,big green,nan,nan
1176522745,10345,ナイスブルマ♪,,,
1176522798,10428,ナイスブルマ,red,nan,nan
1176831183,20614,だんだん文句が減ってワロス,,,
1177067773,20794,埋もれてるのが惜しいわ,,,
1177079560,9809,すげ,,,
1177079566,10389,今すごさに気付いた,,,
1177144177,20885,つなげ方うまいな～,,,
1177312360,1910,一日3回は見ている,,,
1177497708,6927,誰かもっかいようつべにうｐしてくれないかなぁ・・・,shita,nan,nan
1177512705,1557,またきますた,,,
1177512792,10303,のりょ～ん,,,
1177512901,21159,おつ～,,,
1177741045,4431,想像でええぇぇぇぇぇ,big green,nan,nan
1177741093,9109,こっからすげぇ,big green,nan,nan
1177741108,10637,あさくらｗｗｗｗｗｗ,big green,nan,nan
1177741168,13973,「複製ね。」,,,
1177741190,16264,ピーマン嫌いｗｗｗｗ,,,
1177741215,18735,神ｗｗｗｗｗｗｗｗ,,,
1177968386,10692,ハルヒは俺の嫁だあああああああああああああああああ!!!,,,
1178011461,11559,最終回みたいだ！！,red,nan,nan
1178073809,15846,馬刺しコーラ,big green,nan,nan
1178205805,15901,馬刺しコーラ,,,
1178243939,8184,ここからが本番,,,
1178469003,4041,やっぱりクオリティじゃないか？,,,
1178469357,13976,「死になさい」,,,
1178469410,19263,全員神でいいでしょ。,,,
1178711016,6904,俺今日見るの十回目なんだが。,,,
1178711149,14558,進みましょうか,,,
1178711152,14875,戻りましょうか,,,
1178784978,2328,画質はこれくらいが良しｗｗ,,,
1178791708,2429,１万人再生ｗｗｗすげえｗｗ,,,
1178791797,11295,ぶ━━⊂二二二（　＾ω＾）二⊃━━ん,,,
1178791820,13599,すげえなおい,,,
1178791847,14041,鳥肌たったぶ━━⊂二二二（　＾ω＾）二⊃━━ん,,,
1178791881,17385,すげえええ,,,
1178791900,19244,かわいい,,,
1178791905,19767,すｋ－,,,
1178797690,5757,なら古泉は私の嫁,,,
1178797705,6442,古泉愛してる,big green,nan,nan
1178797825,12406,古泉ぃいいいいいいい,red,nan,nan
1178797926,11274,なるほど・・これはいいな,,,
1178798203,13163,キョンは俺,shita purple big,nan,nan
1178871681,17006,すげええええええええええええええ,,,
1178871702,19077,いいなあ,,,
1178877220,12740,キョン！！！！！！,,,
1178883032,3581,１万人再生ｗｗｗｗ,,,
1179138989,16513,おっきした,,,
1179140356,13748,キョン愛されてるね(´･ω･`),,,
1179141458,15876,馬刺しコーラー！,,,
1179147672,16491,ｋｔｋｒｗｗｗｗｗｗｗｗｗｗｗｗｗｗ,,,
1179156081,6936,やっぱキョンだな,,,
1179398326,690,ｗｋｗｋｗｔｋｔｋｔｋｔｋｔｋｔｋｔ,,,
1179414598,1014,神,,,
1179414607,1932,ネ申,,,
1179414726,9246,お前がキモイんだろ　間違えんなよ,big red,nan,nan
1179414923,20978,お前が死ねよ ゴミ,big red shita,nan,nan
1179445270,15869,basashi!!,,,
1179844200,9151,長門がよすぎて死にそうだｗｗｗｗｗｗｗｗ,,,
1180517819,13730,よく音がずれないな、関心。,,,
1180521265,13599,これ音楽普通に作れたけど,,,
1180522091,15469,あーーーー、やっと理解した俺、超バカだｗｗｗあと作者ｇｊ,,,
1180535264,9509,これはいい鶴屋さん,,,
1180535276,9976,これもいい鶴屋さん,,,
1180535386,17544,これは切り替えがほんといいタイミングだなー,,,
1180535630,5248,この動画の神さがわからない厨房再起動いてらｗｗｗｗｗｗｗｗｗｗｗ,,,
1180535686,10394,地味に凄い,,,
1180535830,19396,素晴らしいなw,,,
1180536532,6102,マジで分からん,,,
1180536580,11183,ニャンチュウのほうが面白かったな,shita red,nan,nan
1180536616,14788,ただの動画編集の糞動画です,shita red big,nan,nan
1180536660,19195,ここは褒めてやる,,,
1181065675,8148,ここからがすごい。,,,
1181065716,12288,疲れる,,,
1181065733,14002,複製ね☆,,,
1181065754,14049,FU☆KU☆SE☆I☆NE,,,
1181065770,15310,リスクです,shita,nan,nan
1181065841,19082,笑ってる表情で暗いよね頑張ってよ,big,nan,nan
1181119587,21155,糞動画,shita,nan,nan
1181119807,12824,後半からこの動画の良さが分かった,,,
1181119878,7069,すげえええ,,,
1181119905,9762,お前らな～～このタイミングのすごさがわからんのか？,red,nan,nan
1181119928,12074,わからん奴は、一回うｐしてみろ！！,red,nan,nan
1181120193,6663,おまいら愛してるｗ,big green,nan,nan
1181122224,1868,うめえｗｗｗｗｗｗｗｗｗｗｗｗ,,,
1181122482,11857,あ、今分かったｗｗすげぇｗ,,,
1181122869,6276,これはすげええええええええええええええええええええええ,,,
1181122896,4268,まさに無駄遣い,,,
1181122915,10877,ここからが神展開！,,,
1181122934,8542,特にクオリティ高いわけでもないと思うんだが・・・,,,
1181122944,9583,おおお！！！,,,
1181122972,16603,いや俺がキョンだから,shita ,nan,nan
1181122995,18931,作者天才！,,,
1181123059,21064,自演？,,,
1181123093,2566,またきました,,,
1181123533,15786,はいはい、じゃぁ君がやりなさい,,,
1181123693,10868,ここから本番か,,,
1181123826,13218,切り替えうますぎ,,,
1181124484,11826,これすげぇよ･･･！！,,,
1181124577,8081,これわからない奴って・・・ちょっとな・・・,,,
1181124749,4128,ここからやばいぞ,,,
1181136200,7677,２番目からが特にいいな,,,
1181136353,131,高画質版→sm281377じゃね？,shita,nan,nan
1181152752,19689,この辺の歌詞ひでえなｗ,,,
1181185241,1863,うめえええええええええええええええええええええええええええ,,,
1181272550,6814,すごい！！！,red,nan,nan
1181273571,2988,ワクワク,,,
1181353865,1863,神動画毎日見てます！！！！！！！！！,,,
1181354056,21155,天才作者ｇｊ,,,
1181355801,1445,すご,,,
1181355927,13694,なぜ神なのか説明おろ,,,
1181553867,21005,元気補充した、仕事行ってくる～,,,
1181967880,16697,このシーンは3人の関係がよく見えて好き,,,
1182242200,20010,すごすぎ,,,
1182258674,1678,iPodで再生数１００超えたよ,,,
1182279954,12025,GJ！,,,
1182433718,21011,えっこれって元々あるPVじゃないの？,ue orange big,nan,nan
1182492741,1752,のりのりである,,,
1182493388,4953,ちちもみ・・・俺みたい,,,
1182496895,14459,すごいわこれ,,,
1182499959,5674,ここのキョンハンサム,,,
1182508239,11375,（　＾ω＾）かわいいお,,,
1182573630,21138,い,green shita small,nan,nan
1182573633,21138,ご,green shita small,nan,nan
1182573634,21138,す,green shita small,nan,nan
1182573955,1188,きたぁーーーーーーーーー,,,
1182573957,1702,謎々みたいに,,,
1182573962,2202,地球ぎをとｋｋじあかいしあうｓた,,,
1182573969,2960,わくわくしたいと,,,
1182573973,3263,ねがいながら,,,
1182573978,3831,じかんはてｍなでー,,,
1182573979,3931,Buuuuu,,,
1182573986,4668,で＾－－－－－－－－－,,,
1182574007,6757,あつめよう,,,
1182574018,7771,おおきなゆめゆめ,,,
1182574059,11628,時間に乗ろうよー,,,
1182574070,12973,むかうとこむてきだよ,,,
1182610751,2740,長門のﾀｰﾝ,,,
1182610769,4556,おおｗｗ,,,
1182610836,11230,なるほど、それで五人か,,,
1182610840,9558,増えてね？,,,
1182610905,18176,ふえとるｗ,,,
1182671207,3712,ブーーーーーーーーーーーーーーーン,orange2,nan,nan
1182671328,14438,残念★,orange2,nan,nan
1182762129,6972,キョン良く動くねぇ～,,,
1182762180,9413,鶴屋は絶対俺の物,cyan big,nan,nan
1182775292,12881,キョンは俺のもの,,,
1182952884,818,復活おめ！！,,,
1182957285,12842,すっげｗ,,,
1182957333,16812,すげえええ,,,
1182957334,17842,かうぃい,,,
1182959341,2727,タグ吹いたｗｗｗｗｗｗｗｗ,,,
1183015602,11272,ﾌﾞ───⊂二二二二二二二(　＾ω＾)二二二⊃───ﾝ,,,
1183015697,16554,⊂二二二（　＾ω＾）二⊃ﾌﾞｰﾝ,,,
1183018004,4023,ｋｔｒ,,,
1183018021,5676,ネ申ｋｔｒ,,,
1183018061,9694,これは常識,,,
1183018145,10880,これも常識,,,
1183018165,11451,これまた常識,,,
1183018199,12285,これも常識,,,
1183018216,14274,つるやさーーーｍん,,,
1183018252,17324,ｋｔｒｗｗｗｗｗｗｗｗ,,,
1183018253,17417,ｗｗｗｗｗｗｗ,,,
1183018257,18241,ｋｔｒｗｗｗｗｗｗｗｗｗｗｗｗｗｗｗｗｗｗｗｗｗｗｗｗｗｗ,,,
1183018264,19116,紙,,,
1183018272,19590,じふｇｙｆ,,,
1183046410,3837,高画質版ほしいね～,,,
1183053028,14634,歌ってんのがハルヒ・みくる・長門だけじゃねーんだよ！,,,
1183106036,15410,りすくでぇす,,,
1183128394,19250,やっぱ朝倉歌うまいなｗｗｗ,,,
1183129475,6053,みくるは俺の嫁ｗｗｗ,,,
1183134693,0,あまりの違和感のなさに理解されない良作,,,
1183135049,8956,こっから神,,,
1183174622,254,↓違う,shita,nan,nan
1183293974,21155,乙ｗｗｗｗｗ,,,
1183294112,6463,キョンやべえ萌える,,,
1183295353,1311,再うｐ乙,,,
1183376226,1818,アニメ見ようかな・・・,,,
1183382521,12366,コレはいいな,,,
1183387392,3427,画質は低いのね,,,
1183387476,11611,35,,,
1183387500,13976,これってMADなのか？,,,
1183387520,16259,35,,,
1183551235,154,重いなぁ～,,,
1183552476,9663,鶴屋さああああああああああああああああああん,,,
1183571479,16250,娘「リーマン嫌い」,red shita,nan,nan
1183630313,961,eeeeeeeeeeeeeee,,,
1183630935,21155,うｐ主乙,,,
1183632660,2398,いいわぁ,,,
1183633854,10535,今把握した,,,
1183638397,15045,古泉のきもさがまたいい,,,
1183739759,10621,メｶﾞｯさ,,,
1183790417,14945,すげえな・・・,,,
1183791758,8285,ようつべｗ,,,
1183828574,3801,ぶーー,,,
1183828583,4686,あそぼお,,,
1183830682,8222,じゃぁ俺はハルヒの嫁,,,
1183830737,13847,国木田かわいす,,,
1183830761,16230,馬刺しこーらーｗｗ,,,
1183830791,18949,みくるのフトモモはいいな,,,
1183831025,13612,うん・・・？,,,
1183831055,16593,微妙・・・,,,
1183833786,5917,キョン,,,
1183833814,8695,は～,,,
1183833838,11068,余計疲れる,,,
1183833866,13905,晴れ晴れ,,,
1183833928,20138,ほんと残念だよこれ,,,
1183833946,21155,やぱうざい,,,
1183867735,14965,＾＾；　マナーまもって＾＾；　自分の顔が見えないからっていい気にならない＾＾；,shita,nan,nan
1183867867,21138,はいはい＾＾；マナー守りましょーね＾＾；,shita,nan,nan
1183869989,10477,名雪～～～～～～～,,,
1183901660,18764,高画像版消されてたな,,,
1183912168,1609,高画質版くれ,,,
1184066427,7394,キョンは普通にイケメンだと思うのはおれだけ？？,,,
1184066454,10100,あるあるｗｗ,,,
1184066473,10841,まゆげのターン,,,
1184086564,2573,高画質版あげてくれー,,,
1184087613,13053,やっとわかった！！ｗｗｗｗ,,,
1184087734,2322,２回目ｗｗｗ,,,
1184133315,10650,いもうと,white,nan,nan
1184145175,16131,ピーマン機雷♪,,,
1184256047,19072,ここの朝倉の映像が昔あった高画質版とちがうｗｗ,,,
1184259959,16460,うん、凄いｗｗｗｗｗ,,,
1184261146,8430,これはすげええええええ,,,
1184332790,3271,１０回は,,,
1184332809,5240,ハルヒ,,,
1184333599,14097,朝倉は俺の嫁ｗｗｗｗｗｗｗ,orange,nan,nan
1184333599,726,かわいい,,,
1184333639,4621,ハルヒ最高ーーーーーーーーーーーーーー,,,
1184333657,6525,そうか,,,
1184333669,7670,は？,,,
1184333679,8699,だよな,,,
1184333708,11476,そうだな,,,
1184333767,17541,ハルヒきゃわ,,,
1184333792,19960,ハルヒとやりてーーーーーーーーーーーーーーーーー,,,
1184333802,21016,首領,,,
1184333829,71,ハルヒのよさがわからん,,,
1184333873,4370,平野綾,,,
1184333888,5987,パンツ見れないの？,,,
1184333900,7241,振り付け,,,
1184333930,10078,赤文字うぜーーーーーーーーー,,,
1184333939,11157,赤消えろーーーーーーーーーーーー,,,
1184333954,12646,赤うぜーーーーーーーーーーー,,,
1184333972,14388,赤文字でてくるな！！！！！！！！！,,,
1184333990,16191,赤文字消えろ！！！！！！！！！！！！！,,,
1184334007,17886,赤は身体ｗｗｗｗｗｗｗｗｗｗｗｗ,,,
1184334027,19905,赤文字ふざけんな,,,
1184334038,20997,赤,,,
1184334071,2147,ハルヒどこがいいの？,,,
1184334079,3075,教えて,,,
1184334089,4041,キャワ,,,
1184334098,4924,おっぱい,,,
1184334165,11653,赤いらねーーーーーーーー,,,
1184334177,12813,赤,,,
1184334196,14746,赤なんだお前？,,,
1184334218,16906,ハルヒってなんですか？,,,
1184334234,18508,茶色の子かわいいね！！！！,,,
1184334253,20454,萌え,,,
1184334293,447,１８禁の同人誌いいの？,,,
1184334309,2239,ハルヒちゃん,,,
1184334520,1032,ハルヒ,,,
1184334530,2113,あやちゃん,,,
1184334721,21065,最高！！！！！！！！！！,,,
1184341305,9550,期待します,,,
1184393692,17583,アンチが多いのは人気のある証,,,
1184412375,9404,声質があってるから奇麗に聞こえるな,,,
1184416054,650,綾波レイ,,,
1184416080,3218,綾波レイ？,,,
1184416092,4428,おっぱい,,,
1184416111,6363,ハァハァ・・,,,
1184416138,8997,かわいいね！！,,,
1184416151,10303,なんだと！！,,,
1184416181,13312,やらせろ！！！,,,
1184416216,16841,パンツ見たい,,,
1184416225,17779,パンツ見せて,,,
1184416284,1539,全員GJ！！！！！！,,,
1184416304,3490,パンツ何色？,,,
1184416476,20741,１００回は見たYO,,,
1184473100,823,おもすぎ,,,
1184473114,624,おもいよおおおおお,,,
1184473152,4483,禁則事項♪,,,
1184473178,7009,ホモ発見,,,
1184473240,9522,ちゅるやああああ,,,
1184473254,10821,Ａらんくｷﾀ,,,
1184473268,12309,黄緑は俺の嫁,,,
1184473293,14754,後半のクオリティ半端ない,shita,nan,nan
1184473310,16502,おきて,,,
1184666316,21051,誰か高画質版再うpしてください。,shita big,nan,nan
1184693544,2570,超音質ｗｗｗｗ,,,
1184842127,17479,前の高画質板はいったい・・・,,,
1184846266,21155,まあまあ誹謗中傷はやめましょう,shita,nan,nan
1185401425,1479,うおおお,,,
1185401503,9256,ｗｗｗｗｗｗ,,,
1185401553,14417,うたうめえ,,,
1185551190,11866,ほぉ…上手く繋いだもんだなww,white,nan,nan
1185628132,6102,長門のスカート短いなｗ,shita,nan,nan
1185686095,16046,馬刺しこーらー,,,
1185727324,17262,こっからすげｗｗ,,,
1185829250,572,違う違う,,,
1185836842,14036,赤市ね,,,
1185836883,17857,赤マジで消えろ！,,,
1185839059,9109,きたきた,,,
1186014747,3456,再生数に対してコメントすくねーのなｗ,,,
1186014855,14318,赤が消えた今うぜー言ってるやつの方がうぜえよ,,,
1186026498,19686,すげえええええええええｗｗｗｗｗｗｗｗｗｗｗｗ,,,
1186098549,8255,←同感ｗ,,,
1186154180,11885,喜緑さんは俺の嫁,green small,nan,nan
1186658831,17993,ここすき,,,
1186660404,20801,すごすぐる,,,
1187003447,3200,上位に復活させてもいい出来だよなぁ,,,
1187207021,2918,画質悪くなったな,,,
1187284321,972,ちょｗｗ重い,,,
1187455849,13534,めっちゃうまいツナギだよな。,,,
1187463934,21159,よかったｗｗ支援age,,,
1187741472,2821,コメすくねｗ,,,
1187782004,600,すげえわ形態,,,
1187783495,0,どうみても作者の自演,,,
1187851296,2966,米すくなすぎｗｗｗ,,,
1188071637,11969,やばい,,,
1188071664,14699,すげええええええええええええええええ,,,
1188071719,20198,すげえええええええええええええ,,,
1188205319,8218,kono,,,
1188205335,8218,ここまでは普通のバージョンじゃん,,,
1188527399,1735,おっおっおっ,,,
1189049870,10028,俺の嫁だから,,,
1189098682,8132,いいっすなー,,,
1189098699,9736,この組み合わせいいっすな,,,
1189098704,10292,にょろーーん,,,
1189098719,11797,はさみいいいいい,,,
1189098787,18568,みっくるんるん,,,
1189150967,9990,これすごい編集,,,
1189181858,14124,そういうことか！,,,
1189385200,17000,ﾓﾊﾞｲﾙだとｺﾏ送り...,,,
1189506320,4932,すごいな～。。。あまりにも自然すぎて,,,
1189507909,13944,やっとわかったｗｗｗｗ,,,
1189528756,4404,前野は音よかったなぁ,,,
1189545055,17118,赤がやっとみえたｗ,,,
1189545132,15139,↓赤よりこいつの方がうざいだろ常考,,,
1189729340,10676,朝倉さんは俺のもの,,,
1189743705,3158,これ長門なの？,,,
1190083940,12191,かわいいｗ,,,
1190083988,17027,妹萌えｗ,,,
1190196526,12489,UNEEEEEE,,,
1190196563,15419,よくまあこんな自然に,,,
1190198175,10914,すごいなｗｗ,,,
1190198187,12209,つなぎうめえｗｗ,,,
1190198208,14251,すごｗｗｗ,,,
1190198229,16426,ｗｗｗ,,,
1190198276,21048,乙,,,
1190284611,14023,これ全部のキャラソンつなげてるんだが自然に繋がってるからネ申なんだｙ,,,
1190284845,13338,さ！,,,
1190400463,11135,まゆげ,,,
1190469846,19229,ﾈ申,shita,nan,nan
1190823031,21155,最高ぽ,,,
1190972693,4399,オレみたときコメント７７７ｗｗｗｗ,,,
1191000861,9822,スカートが短いんじゃない足が長いのさ,,,
1191134371,1627,いや、軽いけど,,,
1191134450,9490,ｋｔｋｒ,,,
1191134494,13994,つなぎうまいｗ,,,
1191134514,15911,自然ですげえ,,,
1191137616,16287,馬刺し自重ｗｗｗｗｗ,,,
1191487621,19790,ハルヒって本当に人気なんだね,,,
1191494755,12649,すげぇぇぇぇぇぇ,,,
1191494806,17839,半端ないｗｗｗｗ,,,
1191608031,6727,長門は俺の嫁,,,
1191663263,8975,谷口に萌える,,,
1191663435,2200,谷口萌える,purple,nan,nan
1191663458,4200,谷口萌え,purple,nan,nan
1191663520,10350,(　´ﾛ｀)なにか?,shita big purple,nan,nan
1191663539,12433,゜+。:.゜ヽ(*´∀`)ノ゜.:。+゜,shita big green,nan,nan
1191663589,16533,シアン,shita big cyan,nan,nan
1191839473,4125,⊂二二二（ ＾ω＾）二⊃ﾌﾞｰﾝ,,,
1191839488,5666,タグwwwwwwwww,,,
1191839539,0,×ハレ晴”れ”ユカイ　○ハレ晴”レ”ユカイ,shita big red,nan,nan
1192009670,1813,む？軽くないか?,,,
1192009738,8620,ここからだなｗ,,,
1192009756,9224,俺の嫁キター,,,
1192009829,16543,まったく違和感がないのがすごい,,,
1192134253,10227,俺の嫁ええええええええええええええええええええ,,,
1192136186,11335,フルver.初めて聞いたけど、いいね,,,
1192369611,13022,(ŎεŎ。),,,
1192686778,1714,軽いｗｗ,,,
1192857106,0,重くないか？,184,nan,nan
1192962886,489,これもなつかしいなｗ,184,nan,nan
1192962978,9678,ちゅるやさんｗ,184,nan,nan
1192962988,10697,朝倉ああああああああん,184,nan,nan
1192962995,11369,ｗｗ,184,nan,nan
1192963025,14407,複製ね・・・,184,nan,nan
1192963042,16037,ハサミ！,184,nan,nan
1192963046,16447,馬刺しコーラｗｗｗ,184,nan,nan
1192963079,19767,朝倉うまいよねｗ,184,nan,nan
1192966327,11844,すげえ,184,nan,nan
1192978720,2769,30000！,184,nan,nan
1192985359,14151,キョンのダンスがウケる,184,nan,nan
1193101862,300,以前の高画質版あげようとしたら、40メガ超えてたんだけどどうしたらいい？,shita 184,nan,nan
1193158007,8720,止まる,,,
1193158066,14297,こんなのあったんだ,,,
1193161561,6852,勝手に質問コーナー「ハルヒの何が最高ですか?｣,184,nan,nan
1193164963,12339,赤？消えています。,184,nan,nan
1193362305,601,↓そもまま上げるか再エンコ,shita 184,nan,nan
1193451233,15637,うますぎてよくわからんｗｗｗｗ,184,nan,nan
1193490979,10177,中ル屋さんバージョン,184,nan,nan
1193490996,11682,おおお,184,nan,nan
1193491005,12309,かわええ,184,nan,nan
1193491009,12629,へへ,184,nan,nan
1193491011,12863,へへへ,184,nan,nan
1193491015,13312,ちゅるやさん,184,nan,nan
1193491022,13926,朝倉,184,nan,nan
1193491031,14869,黄緑さん,184,nan,nan
1193491035,15276,えｗｗ,184,nan,nan
1193491043,16026,りすくでぇす,184,nan,nan
1193491056,17337,ええええ,184,nan,nan
1193491102,21155,すげぇ,184,nan,nan
1193818607,596,おもすぎる,184,nan,nan
1193823922,355,↓どう考えてもzipだろう,shita 184,nan,nan
1194001206,12406,きみどりさあん,184,nan,nan
1194001230,14754,黄緑さん愛してる,green shita small 184,nan,nan
1194001293,21039,おつ,184,nan,nan
1194112284,0,おもい,184,nan,nan
1194112554,21200,携帯テラコマ送り・・・,184,nan,nan
1194453476,9245,鶴屋さんｷﾀ━(ﾟ∀ﾟ)━!,sage 184,nan,nan
1194453491,10736,朝倉いい声だよな,sage 184,nan,nan
1194453532,13612,ここの朝倉最高,sage 184,nan,nan
1194453580,17732,さあ神編集スタート,sage 184,nan,nan
1194453596,19271,何度見てもこのへんすげー,sage 184,nan,nan
1194509157,196,高画質版→http://ddo-jp.ddo.jp/upload100_download.php?no=13049,shita cyan 184,nan,nan
1194509202,233,パス→niconico,shita cyan 184,nan,nan
1194541934,363,ステ6にまだある件,shita 184,nan,nan
1194702668,4441,繋ぎ上手いなぁ,purple 184,nan,nan
1194702731,1478,なぞなぞみたいに地球儀を解き明かしたら,crimson shita small 184,nan,nan
1194702770,2032,みんなでどこまでもいけるね,shita small 184,nan,nan
1194702787,2602,わくわくしたいと願いながら過ごしてたよ,shita small 184,nan,nan
1194702792,3205,叶えてくれたのは誰なの,shita small 184,nan,nan
1194702803,3576,時間の果てまで,shita small 184,nan,nan
1194702810,3822,ワープでループなこの想いは,shita small 184,nan,nan
1194702815,4282,何もかもを巻き込んだ想像で遊ぼう,shita small 184,nan,nan
1194702821,4843,ある晴れた日のこと魔法以上の愉快な,shita small 184,nan,nan
1194702826,5358,限りなく降り注ぐ不可能じゃないわ,shita small 184,nan,nan
1194702832,5990,明日また会うとき笑いながらハミング,shita small 184,nan,nan
1194702837,6499,嬉しさを集めよう簡単なんだよこんなの,shita small 184,nan,nan
1194702843,7043,追いかけてね捕まえてみて,shita small 184,nan,nan
1194702847,7502,大きな夢・夢・好きでしょ,shita small 184,nan,nan
1194702863,9049,色々予想ができそうでできない未来,shita small 184,nan,nan
1194702868,9608,それでも一つだけ分かるよ,shita small 184,nan,nan
1194702874,10151,キラキラ光って厚い雲の上を飾る,shita small 184,nan,nan
1194702892,10729,星たちも希望とは違う,shita small 184,nan,nan
1194702897,11152,時間に乗ろうよ,shita small 184,nan,nan
1194702908,11243,チープでクールな年頃だもん,shita small 184,nan,nan
1194702926,11815,寂しがっちゃ恥ずかしいよなんてね疲れる,shita small 184,nan,nan
1194702932,12395,手と手を繋いだら向かうとこ無敵だよ,shita small 184,nan,nan
1194702937,12884,輝いた瞳には不可能が無いさ,shita small 184,nan,nan
1194702943,13510,上だけ見ていると涙が乾くなら,shita small 184,nan,nan
1194702949,14030,「複製ね」心から強く想うほど残念,shita small 184,nan,nan
1194702967,14602,進みますか戻りましょうか,shita small 184,nan,nan
1194702971,15057,どちらもドキドキリスクです,shita small 184,nan,nan
1194702993,15579,「キョン君、ハサミかしてー」,plum shita small 184,nan,nan
1194703133,15869,「わたしからだー」,shita small 184,nan,nan
1194703137,16227,「ピーマンきらーい」,shita small 184,nan,nan
1194703158,16356,「キョン君、おきてー」,shita small 184,nan,nan
1194703273,16645,ワープでループなこの想いは,shita small 184,nan,nan
1194703274,17097,何もかもを巻き込んだ想像で遊ぼう,shita small 184,nan,nan
1194703280,17667,ある晴れた日のこと魔法以上の愉快な,shita small 184,nan,nan
1194703285,18202,限りなく降り注ぐ不可能じゃないわ,shita small 184,nan,nan
1194703291,18787,明日また会うとき笑ってる表情で,shita small 184,nan,nan
1194703296,19312,暗い夢がんばってよ簡単ですよねいります,shita small 184,nan,nan
1194703302,19898,追いかけてね捕まえてみて,shita small 184,nan,nan
1194703307,20376,大きな夢・夢・好きでしょ,shita small 184,nan,nan
1194966071,8088,時報とニコラス刑事自重,184,nan,nan
1194966201,21114,乙,184,nan,nan
1195042514,481,ロダが死んでる・・・,184,nan,nan
1195120265,12309,・・・・・,184,nan,nan
1195316602,2351,hisasiburi,184,nan,nan
1195592641,7562,やっぱり名曲だなぁ,sage 184,nan,nan
1195592653,8733,さあ来るぞ,sage 184,nan,nan
1195592761,18759,何度見てもSUGEEE,sage 184,nan,nan
1195778333,14997,aqswtfgryhjukilo;p@:,184,nan,nan
1195910113,0,おもい,184,nan,nan
1195910116,0,おみ,184,nan,nan
1196415221,10491,俺の嫁きたぁぁぁぁぁぁぁぁあ,184,nan,nan
1196477286,451,歌詞乙ｗｗｗｗｗｗ,184,nan,nan
1196477709,1538,なぞなぞみたいに地球儀を解き明かしたら,red shita 184,nan,nan
1196477752,2075,みんなでどこまでもいけるね,red shita small 184,nan,nan
1196477818,2659,わくわくしたいと願いながら過ごしてたよ,cyan shita small 184,nan,nan
1196477834,3239,叶えてくれたのは誰なの？,cyan shita small 184,nan,nan
1196477875,3577,時間の果てまで,orange shita small 184,nan,nan
1196477906,3724,Boone!!!!!!!,orange shita small 184,nan,nan
1196477963,3861,ワープでループなこの想いは,orange shita small 184,nan,nan
1196478012,4229,何もかもを巻き込んだ,shita small 184,nan,nan
1196478086,9052,色々予想ができそうでできない未来,green shita small 184,nan,nan
1196478120,9603,それでも１つだけ分かるよ,green shita small 184,nan,nan
1196478167,10297,キラキラ光って厚い雲の上を飾る,blue shita small 184,nan,nan
1196478185,10727,星たちは希望とは違う,blue shita small 184,nan,nan
1196478192,10951,は＝も,blue shita small 184,nan,nan
1196478305,11092,時間に乗ろうよbyuuuuuuun!!!!!!,pink shita small 184,nan,nan
1196478331,11348,チープでクールな年頃だもん,pink shita small 184,nan,nan
1196478384,11778,寂しがっちゃ恥ずかしいよなんてね　疲れる,yellowish green shita small 184,nan,nan
1196674886,1857,↑ハルヒうけるｗｗｗ,shita 184,nan,nan
1196678516,19456,これ聞いてると３分が早い・・・,184,nan,nan
1197182748,596,ﾜｰﾌﾟデキタｗ,184,nan,nan
1197521323,8333,キョンｗｗ,184,nan,nan
1197521397,14454,歌詞ｗｗ,184,nan,nan
1197521417,16306,ｗｗｗｗｗｗｗ,184,nan,nan
1197749952,8986,ここからすごい,184,nan,nan
1197750032,16990,これ最初聞いた人普通だと思うだろうな,184,nan,nan
1197888270,1233,何度も見てしまう,184,nan,nan
1197899318,0,ちょｗ「れ」ｗｗｗ,184,nan,nan
1198119993,0,うざいしね,184,nan,nan
1198120006,450,重いんだけど,184,nan,nan
1198331746,21068,うｐ主神ｗｗｗ,orange 184,nan,nan
1198636890,17750,UP主すげぇ,184,nan,nan
1198657707,4924,下は間違い！正しくは『アル晴レタ日ノ事　魔法以上のユカイが』,green shita 184,nan,nan
1198815814,1211,GO,184,nan,nan
1198847222,20833,すげ,184,nan,nan
1198853076,11261,ぎゅん,cyan big 184,nan,nan
1198853178,20485,夢,cyan big 184,nan,nan
1198865276,1725,それにしてもこのハルヒ、ノリノリである,truered shita small 184,nan,nan
1199220511,21051,おつかれ,184,nan,nan
1199266995,9577,つるにゃーんｗ,184,nan,nan
1199267012,11319,ｗｗｗ,184,nan,nan
1199267015,11630,ギューンｗｗ,184,nan,nan
1199267027,12842,ちへぇｗ,184,nan,nan
1199267034,13516,ｗｗｗ,184,nan,nan
1199267064,16491,ｗｗｗｗｗｗｗｗｗｗｗｗｗ,184,nan,nan
1199558124,9801,ｷﾀ Y⌒Y⌒Y⌒Y⌒Y⌒Y⌒(｡A｡)!!!,184,nan,nan
1199560655,7988,ここまでは普通,184,nan,nan
1199582121,3072,画像おちたな,184,nan,nan
1199582194,10347,俺の嫁キた！,184,nan,nan
1199634854,1221,おもい,184,nan,nan
1199634875,3323,ながと,184,nan,nan
1199648047,13623,うまいなｗ,184,nan,nan
1199648065,15553,知らん人はこういうもんだとおもうぞｗ,184,nan,nan
1199686619,10041,鶴屋さんコメ多いな。,yellow 184,nan,nan
1199779763,5538,プロってるなあ,184,nan,nan
1199808602,2082,stage6に高画質版あるから探してみ,184,nan,nan
1199896432,19506,間違ってる歌詞書き込む奴ってなんなんだろうね,184,nan,nan
1200070211,4067,長門かわいいよね,184,nan,nan
1200070217,4744,お,184,nan,nan
1200070229,5914,編集梅絵,184,nan,nan
1200070263,9253,お,184,nan,nan
1200070272,10201,鶴屋さんのターン,184,nan,nan
1200070284,11442,朝倉,184,nan,nan
1200070287,11729,妹,184,nan,nan
1200070292,12184,おおおおお,184,nan,nan
1200070310,14012,ちゅるや,184,nan,nan
1200070335,16520,えええええええええええ,184,nan,nan
1200070338,16758,ｗｗｗｗｗｗｗ,184,nan,nan
1200070347,17706,みくるビーム,184,nan,nan
1200070361,19109,ｗ,184,nan,nan
1200070369,19934,すげええええええええ,184,nan,nan
1200070384,21157,素敵だよ。なんかいろんな意味で。,184,nan,nan
1200070403,1176,つるや,184,nan,nan
1200070416,2495,うｐじゃ,184,nan,nan
1200070432,4033,みくる,184,nan,nan
1200070437,4543,おおお,184,nan,nan
1200070453,6150,うp主SUGEE,184,nan,nan
1200070465,7348,リボン,184,nan,nan
1200070481,8950,９８０,184,nan,nan
1200070490,9898,鶴やさんん,184,nan,nan
1200070501,10966,ポニテがいけてｒｙ,184,nan,nan
1200070506,11410,いもうと,184,nan,nan
1200070517,12531,え,184,nan,nan
1200070520,12826,へへへ,184,nan,nan
1200070525,13315,すげええ,184,nan,nan
1200070540,14788,いいね,184,nan,nan
1200070547,15566,素敵杉だよ,184,nan,nan
1200070570,17886,小泉の出番があまりないっていう。。。。,184,nan,nan
1200070585,19291,女性キャラメイン,184,nan,nan
1200070592,20091,SUGEEEEE,184,nan,nan
1200070603,21146,おつ,184,nan,nan
1200070610,522,うあああああああ,184,nan,nan
1200070619,1418,３回目,184,nan,nan
1200070625,2082,ハルヒ,184,nan,nan
1200070665,6094,広辞苑に『萌え』がはいらないのがめっちゃッショックなんですけど。,184,nan,nan
1200070679,7421,みくる,184,nan,nan
1200070686,8161,こいずみー,184,nan,nan
1200070690,8555,９９９,184,nan,nan
1200070714,10906,１０００,orange big 184,nan,nan
1200132037,624,1001,184,nan,nan
1200132189,15828,ｗｗｗｗ,184,nan,nan
1200132240,20937,普通にすごいんですがｗ,184,nan,nan
1200137372,10091,把握ｗ,184,nan,nan
1200159889,8400,古泉wwwwwwww,184,nan,nan
1200287193,0,↑うざくな〜い,184,nan,nan
1200289568,15833,馬刺しコーラ！,shita big red 184,nan,nan
1200289902,0,おも,184,nan,nan
1200446335,8475,さぁこい,184,nan,nan
1200446353,9325,めがっさ,184,nan,nan
1200446371,10440,あさくら,184,nan,nan
1200446424,16500,ガチホモ波動した,184,nan,nan
1200744305,2500,なんというハルヒ,184,nan,nan
1200744328,4636,乳でけぇ,184,nan,nan
1200759962,2667,重,cyan big 184,nan,nan
1200794216,20655,やべぇすげぇ,184,nan,nan
1201114937,7040,京アニ最強すぎるｗｗｗ,184,nan,nan
1201114965,9843,ちゅるやさん,184,nan,nan
1201168480,206,おもすぎ,184,nan,nan
1201173590,11348,重い,184,nan,nan
1201340788,3422,かわええ,184,nan,nan
1201340828,7463,長門,184,nan,nan
1201340858,10402,ま・さ・か,184,nan,nan
1201340872,11852,拉致,184,nan,nan
1201676411,6510,萌えの定義が出来るか！,184,nan,nan
1201726748,15225,嫁,184,nan,nan
1201726767,17077,うまい,184,nan,nan
1202057960,9333,長門のキャラソン売れすぎだろｗｗｗｗｗｗｗｗｗｗｗ,184,nan,nan
1202461187,8166,一番ここが苦しい止まる,184,nan,nan
1202586601,17533,ここからがすごい,184,nan,nan
1202629776,11460,眉毛いらね,184,nan,nan
1202739323,16275,ハルヒ,184,nan,nan
1202739329,16537,ｗｗｗ,184,nan,nan
1202739342,18171,これ違うのか？,184,nan,nan
1203260371,10770,あさくらｗｗ,184,nan,nan
1203260377,11342,ｗｗｗｗｗｗｗｗ,184,nan,nan
1203260381,11732,わろたｗｗ,184,nan,nan
1203260385,12150,こえぇｗｗｗ,184,nan,nan
1203324779,2364,長門,184,nan,nan
1203324790,3490,ながと,184,nan,nan
1203324795,3934,みくる,184,nan,nan
1203324803,4733,あそぼう！！,184,nan,nan
1203324814,5831,うん,184,nan,nan
1203324833,7753,長門がかわいい,184,nan,nan
1203324856,10028,子供にキョンってつける　決定！！,184,nan,nan
1203324861,10608,朝倉,184,nan,nan
1203324871,11559,妹,184,nan,nan
1203324890,13479,ちゅるやさま,184,nan,nan
1203324901,14561,こわっっ,184,nan,nan
1203324910,15493,え,184,nan,nan
1203324914,15866,はさみ,184,nan,nan
1203324931,17560,遊ぼう！！,184,nan,nan
1203324951,19558,神,184,nan,nan
1203324959,20355,捕まえる,184,nan,nan
1203372103,4117,しかし編集神すぎだろ,184,nan,nan
1203383395,1575,0:00に※かくやつ消えろよ,184,nan,nan
1203573098,500,ちょｗｗｗ,184,nan,nan
1203631462,200,wktk,184,nan,nan
1204026719,0,みくる,184,nan,nan
1204026956,6800,早く,184,nan,nan
1204026984,8000,とまるな,184,nan,nan
1204117283,250,重い,184,nan,nan
1204125454,0,重い,184,nan,nan
1204189286,8375,あ,184,nan,nan
1204207472,3680,みくる萌え☆☆∀｀）,184,nan,nan
1204207667,16520,妹萌えるWWW,184,nan,nan
1204207715,18425,みくるかわぇぇ！,184,nan,nan
1204207752,20975,すごぃ☆☆☆,184,nan,nan
1204216567,10282,まゆげ,cyan big 184,nan,nan
1204216572,10834,MAYUGE,cyan big 184,nan,nan
1204216578,11434,はさみ,184,nan,nan
1204216602,13858,まゆｇ,184,nan,nan
1204216609,14481,複製ｗ２,184,nan,nan
1204216620,15653,はさみ,184,nan,nan
1204280982,4807,ある晴れた日のこと,184,nan,nan
1204280993,5146,魔法以上のユカイが,184,nan,nan
1204885490,13215,ながるんはシスコン,184,nan,nan
1205080444,8550,ハルヒいいなぁ・・・,184,nan,nan
1205217136,1745,1079げっと,184,nan,nan
1205715888,8007,これまぜてんの？,184,nan,nan
1205746504,775,はるにゃあぁぁぁああぁぁぁあん!!!,184,nan,nan
1205774052,17833,ここから,184,nan,nan
1205774190,7933,二番が神,184,nan,nan
1205774202,9100,くるぜ,184,nan,nan
1205774300,7800,うますぎる,184,nan,nan
1205774344,12275,てへへ,184,nan,nan
1205853744,9000,神後輪,184,nan,nan
1205853777,12450,てへへ,184,nan,nan
1205853808,15866,バサシ,184,nan,nan
1205861750,12673,ｗｗｗｗ,184,nan,nan
1205861787,16406,馬刺ｗｗｗｗ,184,nan,nan
1205861803,17881,え？素人なの？,184,nan,nan
1205863466,0,神動画,184,nan,nan
1205905669,8960,ちゅるやさん☆☆☆☆☆,shita cyan 184,nan,nan
1205905700,12280,てへへ☆☆☆,shita cyan 184,nan,nan
1205905737,15825,馬さしコーラ！！,shita cyan 184,nan,nan
1205905755,17560,ここから！,shita cyan 184,nan,nan
1205905807,0,何度も見てしまうWWW,shita cyan 184,nan,nan
1205905828,1625,ハルヒWWWWW,shita cyan 184,nan,nan
1205905913,10200,眉毛きたああああああああ,shita big cyan 184,nan,nan
1205905967,15820,馬刺しコーラ！！,ue big cyan 184,nan,nan
1205947881,18800,めがっさ似合ってるとおもわないかい？,big purple 184,nan,nan
1206033469,0,重,184,nan,nan
1206105223,300,素敵,184,nan,nan
1206105238,0,素敵だー,184,nan,nan
1206105938,9100,ちゅるや,shita big pink 184,nan,nan
1206105950,10275,眉毛！,shita big pink 184,nan,nan
1206105965,11533,ぎゃんWWW,shita big pink 184,nan,nan
1206105998,14366,複製,shita big pink 184,nan,nan
1206106006,15825,馬刺しコーラ！,shita big pink 184,nan,nan
1206106027,17475,ココカラ神,shita big pink 184,nan,nan
1206106041,19033,すげーーーー！,shita big pink 184,nan,nan
1206111943,800,鶴屋さん,184,nan,nan
1206113207,3500,ながとながとながと,184,nan,nan
1206113437,21200,ネ申,ue big red 184,nan,nan
1206167579,3425,ながと,184,nan,nan
1206167632,8600,みくる,184,nan,nan
1206167687,14433,かみわざ,184,nan,nan
1206167885,9600,変人の集まりなのに面白いていう罠,184,nan,nan
1206190152,8500,何度見てもすごい,184,nan,nan
1206211513,375,0秒ｺﾒ自重しろ,184,nan,nan
1206243169,6060,かわいい,184,nan,nan
1206243186,7753,にやけてしまうｗｗｗ,184,nan,nan
1206243225,11625,ｗｗｗｗｗ,184,nan,nan
1206243234,12507,ｗｗｗ,184,nan,nan
1206243256,14736,神だ,184,nan,nan
1206243267,15869,ｗｗｗｗｗｗ,184,nan,nan
1206243271,16251,ｗｗｗ,184,nan,nan
1206243306,19733,ｗｗｗｗｗｗｗｗｗｗ,184,nan,nan
1206243313,20459,すげぇ！,184,nan,nan
1206270092,10325,ジョン・スミス,184,nan,nan
1206270266,21100,ネ申ですな☆,big purple 184,nan,nan
1206276759,7740,ハルヒに恋をしてしまいました,184,nan,nan
1206279669,11778,ｗｗｗｗｗｗ,184,nan,nan
1206280111,20871,神ｗｗｗｗｗｗｗｗ,184,nan,nan
1206488586,20901,うｐ主乙でｽｗ,184,nan,nan
1206530915,410,0秒に重いってコメするやつなんなの？,184,nan,nan
1206531082,16894,馬刺しｗ,184,nan,nan
1206632427,6638,←名言,184,nan,nan
1206744477,2966,イッヤッホー,184,nan,nan
1206744498,3800,かわゆw,184,nan,nan
1206744585,9177,愛してるぜ～,184,nan,nan
1206797805,10260,眉　眉子,184,nan,nan
1206797915,21128,おつかれ！！！,184,nan,nan
1206798082,1805,こういう猿のおもちゃ､あるよねｗｗ　シンバル持って(笑),184,nan,nan
1207019375,1223,フル？,184,nan,nan
1207066622,761,かわいいｗ,184,nan,nan
1207066638,2356,ｗｗｗｗｗｗｗｗｗｗｗ,184,nan,nan
1207066652,3744,ｗｗｗｗｗｗ,184,nan,nan
1207066668,3680,ぶーん,184,nan,nan
1207067104,19726,ｗｗｗｗｗｗｗｗｗｗ,184,nan,nan
1207067110,20370,ｗｗｗｗ,184,nan,nan
1207067147,2893,俺の嫁ｗ,184,nan,nan
1207067163,4508,ｗ,184,nan,nan
1207067210,9209,にょろん♪,184,nan,nan
1207067221,10250,ｗｗまゆふとｗｗ,184,nan,nan
1207067228,10984,まゆｗ,184,nan,nan
1207067232,11395,妹ｗ,184,nan,nan
1207067241,12259,黄緑ｗ,184,nan,nan
1207067258,13967,こわっｗ,184,nan,nan
1207067277,15876,かわいいｗ,184,nan,nan
1207067280,16190,ｗｗｗｗ,184,nan,nan
1207067306,18816,にょろん,184,nan,nan
1207157620,15987,馬刺しｗｗｗｗｗｗｗｗ,big orange 184,nan,nan
1207198757,4167,⊂二二二（　＾ω＾）二⊃ﾌﾞｰﾝ,184,nan,nan
1207198770,5549,（　^ω^）,184,nan,nan
1207198775,6053,⊂二二二（　＾ω＾）二⊃ﾌﾞｰﾝ,184,nan,nan
1207280166,14811,なんという神MAD,184,nan,nan
1207396331,6889,そもそも「萌え」って「生える」って意味だぜ？ｗｗｗｗｗ,184,nan,nan
1207413035,4820,アウチ検事じゃねえかここｗ,184,nan,nan
1207422211,2300,ハルヒーーー,184,nan,nan
1207437122,15519,でぇーす,184,nan,nan
1207437143,17501,よすぎる,184,nan,nan
1207437162,19409,違いが分からない奴は普通の聞いて来い,184,nan,nan
1207437179,21094,神,184,nan,nan
1207446969,0,乗り歌♪(笑),184,nan,nan
1207450857,7758,この3人はまだできる範囲,184,nan,nan
1207450867,8759,どうなるか,184,nan,nan
1207450913,13347,編集すげぇｗｗ,184,nan,nan
1207450981,20180,歌詞がカオスｗｗ,184,nan,nan
1207459233,10632,wwwwwwww,184,nan,nan
1207459242,11504,tyoww,184,nan,nan
1207470095,9216,１年ぶりにきました,184,nan,nan
1207482817,3450,ハイッ☆テンション♪,184,nan,nan
1207490730,10888,眉毛ｗｗｗｗｗｗｗｗ,184,nan,nan
1207491051,0,はっ,184,nan,nan
1207491263,13100,デコ,184,nan,nan
1207529010,21134,うｐ主に感謝,184,nan,nan
1207536472,2980,あるハル晴れDAY's☆☆,184,nan,nan
1207536685,21200,振り付けスゴいな,184,nan,nan
1207574923,0,(・∀・)ﾉハルヒっ++,184,nan,nan
1207816653,1431,高音質,184,nan,nan
1207831121,10531,☆まゆげ☆,184,nan,nan
1208009040,4250,だんチョーvv古泉(●´∀｀●)/,184,nan,nan
1208009079,7825,みくるぅー(笑),184,nan,nan
1208009110,10760,まっがーれ☆,184,nan,nan
1208009235,21200,NICE!!振り付け☆DANCE♪,184,nan,nan
1208080510,16410,馬刺しコーラｗｗｗ,184,nan,nan
1208257346,16593,ぶーーーーーーーーーーーーーーーーーーん,184,nan,nan
1208283090,6475,↑名言,184,nan,nan
1208283133,10850,なんどみても神すぐる,184,nan,nan
1208339463,8996,俺から言わせれば、萌えはｼﾞｬｽﾞのブルーノートなんだよ,184,nan,nan
1208429021,8035,キョンキョンキョン,184,nan,nan
1208440848,20938,古泉ｗｗ,184,nan,nan
1208778614,9263,やっぱ鶴屋さんサイコウ☆ＤＡ☆ＺＥ！☆---（：））,orange 184,nan,nan
1208778710,13307,☆ＮＡ☆Ｉ☆ＳＡ☆！☆---（：））,shita 184,nan,nan
1208778831,9379,編集うめえｗｗ,184,nan,nan
1208778888,12389,てへへｗｗ,184,nan,nan
1208778909,11742,えへへ☆☆,184,nan,nan
1208778923,11742,てへへへっ／(^o^)＼,184,nan,nan
1208778988,16807,キョン君おきてー☆,184,nan,nan
1208790410,9453,やっぱ鶴屋さんだな！！！！☆---（：））,green shita small 184,nan,nan
1209285510,12439,きみどりー,184,nan,nan
1209346801,6912,↑ＳＫＹ,184,nan,nan
1209346812,6912,↑ＳＫＹだなｗ,184,nan,nan
1209625788,19459,キョンと小泉を合わせたのも希望,green shita big 184,nan,nan
1209830818,150,ハルヒVV,184,nan,nan
1209867426,0,ハルヒ,184,nan,nan
1209867530,10450,ちゅるや,184,nan,nan
1210050692,1176,ｗｗｗｗｗｗｗｗｗｗｗｗｗｗｗｗｗｗ,red big 184,nan,nan
1210050764,8383,まゆげ,red big 184,nan,nan
1210050827,14691,ＭＡＹＵＧＥしねよ,red big 184,nan,nan
1210050888,20746,ｗｗｗｗｗｗｗｗｗｗｗｗ,red big 184,nan,nan
1210050891,21117,ｗ,red big 184,nan,nan
1210163560,2269,ちょｗｗｗMAD?w,184,nan,nan
1210175850,12871,鶴屋さん,184,nan,nan
1210175861,13991,眉,184,nan,nan
1210248243,21159,ｗｗ,184,nan,nan
1210341115,3677,残念な画質,184,nan,nan
1210341163,8631,まゆげ,184,nan,nan
1210341187,11016,まゆげきたよ！,184,nan,nan
1210341219,14263,まゆ,184,nan,nan
1210341241,16455,馬刺しｗｗｗｗｗｗｗｗｗｗｗ,184,nan,nan
1210341250,17384,ぶーん,184,nan,nan
1210484590,12158,黄緑ｓが黒い件,184,nan,nan
1211006936,170,貴様らゼロ秒で米するな重くなる,184,nan,nan
1211082958,21080,ネ申,big cyan 184,nan,nan
1211446346,17831,紙,184,nan,nan
1212157494,17552,ここからが神！,184,nan,nan
1212295328,6925,魂で感じることさ？,184,nan,nan
1212473397,16282,馬刺しwwwwwwwwwwwwwwww,184,nan,nan
1212481193,9482,正座して見てます,184,nan,nan
1212557431,1296,期待・・,184,nan,nan
1212631007,3934,画質悪し,184,nan,nan
1212754330,260,重い・・・・,184,nan,nan
1212754469,12716,重い・・・・・・・・・・,184,nan,nan
1213230042,18064,おもれー,184,nan,nan
1214482441,12758,てへへｗ,184,nan,nan
1214482478,16420,字幕ｗｗｗ,184,nan,nan
1214494878,10734,朝倉～,184,nan,nan
1214494889,11932,えみりちゃーん,184,nan,nan
1214494912,14231,まゆげ,184,nan,nan
1214494921,15128,きみろり,184,nan,nan
1214645449,6493,７人・・・？,184,nan,nan
1215668090,1301,高画質sm2777905,shita 184,nan,nan
1215778487,10934,眉毛ｗ,184,nan,nan
1217064138,4538,いいですなっ＾＾,184,nan,nan
1217064180,8793,踊ったことあるｗｗ,184,nan,nan
1217064200,10721,まゆげｗｗｗｗｗｗｗｗｗｗｗｗｗｗｗｗｗｗｗｗｗｗｗｗ,184,nan,nan
1217496523,37,髪動画,184,nan,nan
1217767757,15166,画像悪いがつなぎが巧い,184,nan,nan
1218725574,20013,うま,184,nan,nan
1218794683,5032,アウチｗｗ,184,nan,nan
1218877064,3466,かわいい×１００,184,nan,nan
1218877091,4400,は,184,nan,nan
1218877104,4400,はいここテストにでます,184,nan,nan
1218877204,13160,鶴屋さんすきだな,184,nan,nan
1218877298,21200,ＧＪ,184,nan,nan
1219055204,3550,プッ,184,nan,nan
1219055229,6043,不可能,184,nan,nan
1219055286,11726,みっくるんるん,184,nan,nan
1219055303,13450,ｗｗｗｗｗ,184,nan,nan
1219055334,16470,はさみ,184,nan,nan
1173224787,804,こっちみんな,,,
1173138714,146,これが一番いいと思う,,,
1173221156,15,ＵＰした本人だがラストＥＤってなんなんだろうなｗｗｗｗ,,,
1173246328,1779,ひきつぎ５ｋｔｋｒ,,,
1173143296,1473,初代,,,
1173138200,2482,きめぇｗｗｗｗｗｗｗｗｗｗｗｗｗｗ,,,
1173128948,18714,ううううううううううううううううううううううううううううううううううううううう,,,
1173593675,3534,キモ,,,
1173207283,63,"2006.10.28 in Barcelona, Spain",shita cyan,nan,nan
1173196186,0,うぇ,,,
1173207797,9563,so it show must go on,,,
1173171632,14613,EDF~,,,
1173256546,1149,earthworm jim,,,
1173160623,815,長くて重い,,,
1173202308,1115,そういやレビ初登場のゲームだっけ,,,
1173172207,995,名曲ｋｔｋｒ,,,
1173171792,541,HYPER って書いてあるぞ,,,
1173163171,619,やらないか,,,
1173133238,84,普通のやよいです,shita,nan,nan
1173155284,2463,ぷ、ワロタ,,,
1173148439,125,透き通る　夢を見ていた,,,
1173196287,125,勇者「・・・・・」,,,
1173181062,2171,保守,,,
1173148451,1479,完成版,,,
1173195782,0,勇者「・・・・・」,,,
1173146129,417,Ｄ！ＤＤＤＤＤＤＤＤＤＤＤＤ！！！,,,
1173225787,1575,これは　リアルにうまい！！ｗｗｗ,,,
1173237282,1795,日本でも早く売ってくれ,,,
1173188344,473,一番乗りです。本当にありがとうございます,big,nan,nan
1173152427,2207,名作だった,,,
1173128286,2534,泣いた・・・,big green,nan,nan
1173235609,266,キラ…,,,
1173154644,0,こなあああああああああああああああ,,,
1173234709,40,埋まりvs穴掘り,,,
1173138711,475,My Dear Alice,,,
1173145586,107,復活記念up,,,
1173128402,0,絵もローゼン風アンパンでお送りします,,,
1173130769,2035,完成度高い?,,,
1173259720,2108,懐かしいな、まだこんなに人いるのか,,,
1173217203,1980,細井の曲が神すぎ,,,
1173242632,141,こっこ,,,
1173163447,1074,BGM:春の嵐,,,
1173179811,0,たたたーたたん,,,
1173308120,2111,なんじゃこりゃ,,,
1173156947,1021,  ・・・・・,,,
1173229962,118,Radical Dreamers ~盗めない宝石~,shiita,nan,nan
1173242021,4,「You make my day」 YURIA,shita,nan,nan
1173271036,2487,（；´Д｀)  うわぁああああ,,,
1173154238,5444,謙信は俺の嫁,,,
1173178705,434,見習いです♪,,,
1173193387,2362,ロックマン？,,,
1173130574,2450,仮面ライダーかよww,,,
1173161891,12722,といて！,big green,nan,nan
1173156155,2100,まほ,,,
1173141934,3244,アルルゥ！,,,
1173128486,3002,冥　夜　万　歳,purple big shita,nan,nan
1173159332,6755,動けぇぇぇぇーーーー！！！,red,nan,nan
1173152387,334,（たーらこー　たーらこー）,cyan shita,nan,nan
1173158510,5752,(ノ∀`)タハー,,,
1173143797,1933,UP,,,
1173214197,17,つべより,,,
1173128991,2171,誰ッ,,,
1173205496,1152,ひわい,,,
1173249259,1440,水夏,,,
1173239480,6520,POISON,big red,nan,nan
1173222817,9046,楽しそうｗ,small,nan,nan
1173173657,3581,ふんもっふっ！！,big red,nan,nan
1173174848,1055,SUGEEEEEEEEEEEee,,,
1173165598,2244,再うｐ,,,
1173138616,191,ﾋﾗｺｰ,,,
1173126349,10543,そんしー そんしー そーんしーーーー,,,
1173125742,188,ﾊﾊ､ﾊｯｻｸｩｰﾄ！,,,
1173190329,12588,か、完全に油断していた…,,,
1173214257,256,ゲキテイからきました,,,
1173187784,3647,ダダッダッダ！,,,
1173702637,99,あ,,,
1173146095,6533,ううううううううううううううううううううう,,,
1173124184,4587,w,,,
1173191050,1497,マイケルｷﾀ━━━━━━(ﾟ∀ﾟ)━━━━━━!!!!!,red,nan,nan
1173197530,2529,caved!!!!,,,
1173183187,1453,カコイイ,,,
1173244145,4174,まゆこおおおおおおおおおおおおお,,,
1173182734,0,ROSSO シャロン,shita,nan,nan
1173145985,102,youいいよyou,,,
1173201162,489,半分経過,big red shita,nan,nan
1173174833,1878,ま　た　ウ　マ　Ｐ　か,big green,nan,nan
1173189978,23957,ビッグブリッヂが熱いｗｗ,,,
1173139184,522,ひぃ,,,
1173182033,6327,何でもかんでもあわせればいいってもんじゃないぞ？,,,
1173154664,248,.,shita,nan,nan
1173129080,1092,ヴぉけ,,,
1173144800,112,ARMORED CORE SERIES,,,
1173161050,1000,すげええええええ,,,
1173138055,123,やらないか,,,
1173177405,1706,縦に伸びとる。,,,
1173220278,4096,oe,,,
1173184337,1055,kitkr,,,
1173180438,5,BOOOOOOOOOOOOOOOOOOOOM！！！,,,
1173128932,815,懐かしいな,,,
1173207501,1176,ある意味公式,,,
1173259940,2834,エンジンの大きさは異常ｗｗｗ,,,
1173151692,773,test,,,
1173182739,3302,それなりの解像度がyoutube並に････,,,
1173157676,0,!!?,,,
1173230963,536,4つめ,,,
1173166022,632,きめぇ,,,
1173211756,690,うどんげとてゐ,,,
1173178927,1951,ラップいいねー,,,
1173207282,1275,ゼンキOP,,,
1173145707,3033,なつかしい。,,,
1173132910,3135,とかち,,,
1173153654,637,ろっくまん,,,
1173186147,1358,神リス,,,
1173136387,1450,ジョアジョア,,,
1173141305,1492,岩崎考司氏のご冥福をお祈りします。,,,
1173155536,2740,これは名勝負,shita,nan,nan
1173185883,684,ｑｐ,,,
1173163910,596,ｷﾀ━━(ﾟ∀ﾟ)━━━!!!!,,,
1173232818,8088,パンツ見えるくらいは画質アップｗ,,,
1173148826,76,いきましょう！！,shita,nan,nan
1173187967,345,再現性１００％なので試してみてね,shita,nan,nan
1173130562,4141,うむ,,,
1173127078,381,test,,,
1173228753,8323,音ちっちゃかった…orz,,,
1173191642,805,ランランルー,red,nan,nan
1173169819,8193,上海☆上海☆上海☆上海　蓬莱☆蓬莱☆蓬莱☆蓬莱,big blue,nan,nan
1173203017,5927,三連皿,,,
1173272313,52,突破ダイジェスト,,,
1173162988,2953,トータル戦法,,,
1173219612,23693,http://www.bubble-b.com/mt3/archives/2005/11/index.html,,,
1173136891,1428,フルィィィティン！！！！！！！,red big,nan,nan
1173186560,28,　　　　.,,,
1173238859,584,SONYミサイル？,,,
1173135789,363,BMPの名を世間に知らしめた傑作,shita,nan,nan
1173161736,0,2ちゃんねるレーシング,shita,nan,nan
1173268810,2011,windowsでも作れると思うけど・・・,,,
1173147527,2072,きゅるるん♪,,,
1173175660,76,キャリエールの倒産を偲んでうｐ,,,
1173128422,1205,ニヤリ,ue big blue,nan,nan
1173203757,1074,ぶるるるるるぁぁｗｗ,,,
1173175355,2004,紅だぁあああああああああああああああああ,,,
1173136070,739,やっぱ崩れるのかな？,,,
1173139738,609,＼(^o^)／ｵﾜﾀ,red ue,nan,nan
1173244211,2774,(　ﾟдﾟ)ﾎﾟｶｰﾝ,,,
1173243576,146,歌は今でも心のランキングの上位,,,
1173230448,690,3つめ～,,,
1173196418,154,※全てアコードのパーツで出来ています,shita,nan,nan
1173201112,1045,お前も蝋人形にしてやろうか！！,shita,nan,nan
1173132779,875,ｋｔｋｒ,,,
1173140583,1343,復活記念up,,,
1173162195,1176,あー,,,
1173202553,2952,MASTER,big green,nan,nan
1173132509,5329,☆おさなづま☆,,,
1173145918,1677,oh,,,
1173197630,823,操ｷﾀ━━━━(ﾟ∀ﾟ)━━━━ｯ!!,,,
1173199708,3753,早く箱○版でないかなぁ・・・,,,
1173138827,6554,メロデスはいいね,,,
1173128796,481,　おはよ～　とかち,big green,nan,nan
1173203638,4010,イニＤイニＤイニＤイニＤイニＤイニＤイニＤイニＤイニＤイニＤイニＤイニＤイニＤイニＤイニＤ,red,nan,nan
1173179768,0,閣下の声が若い,,,
1173139267,3307,wwwwwwwwwwwwwww,,,
1173136176,465,( ﾟ∀ﾟ)o彡ﾟ　クーガー！クーガー！,big green,nan,nan
1173161993,165,こんにちはMACだお(　＾ω＾),,,
1173184141,1233,律子可愛いよ律子,,,
1173136071,2793,久々に見たｗｗｗ,,,
1173143694,893,神曲,,,
1173197875,2340,逃げてｗｗｗｗｗｗｗｗｗｗｗｗｗｗｗｗｗｗｗｗｗｗｗｗｗｗｗｗｗｗ,,,
1173131388,1875,|дﾟ ),,,
1173183693,2048,セイントセイヤー,,,
1173212733,0,やっぱコレが無いとねｗ,,,
1173196230,0,(ﾟ∀ﾟ)ｱﾋｬﾋｬﾋｬﾋｬ,,,
1173193718,131,あ,,,
1173215895,2646,誰か相手してやれよｗｗｗｗｗ,,,
1173191945,0,長門は俺の嫁,shita,nan,nan
1173181101,0,ちょｗｗｗｗｗﾃﾗ馬ｽｗｗｗｗｗｗｗｗｗｗｗｗｗ,big green,nan,nan
1174970509,0,ええええ,,,
1173181553,1544,FOXもいいがこっちも味がある,shita,nan,nan
1173158368,204,オロチ篇　その１から・・・　ｷﾀ━━━(ﾟ∀ﾟ)━━━!!!!!,,,
1173205383,959,ミント嬢は俺の嫁,,,
1173190973,8197,(*´д｀*)ﾊｧﾊｧ,,,
1173133159,345,アップ乙,,,
1173160207,0,最恐のゲーム,,,
1173127590,0,ぴったん～,,,
1173197119,734,タッグ戦だぜ,,,
1173207849,24035,政府高官！政府高官じゃないか！,,,
1173192341,0,開始,,,
1173192974,2398,アーダンまだ～?,,,
1173180179,12335,捨てるのかよｗｗｗｗ,,,
1173136867,130,本家帰還しますた,shita big red,nan,nan
1173124812,1254,うｐ,,,
1173130273,1737,ちょっと待ったコールだぁぁぁ,,,
1173221720,2027,中村屋！,,,
1173158202,726,これは感動した,,,
1173151901,2866,ｔ,,,
1173193949,0,懐かしい。。。,,,
1173144189,2461,ちょｗ俺のコメ囲まれるｗｗｗ,,,
1173129069,1215,うわぁあ！,,,
1173186800,2685,SRW W発売記念,,,
1173126419,1208,......,,,
1173130233,1296,ついに来た最強動画,,,
1173141922,627,すごいお,,,
1173137164,0,テスト,big green,nan,nan
1173194696,0,あ,,,
1173203738,3796,てすてす,,,
1173196620,1241,あさきさんですか。,,,
1173183149,16922,ﾁｪｽﾄ━━━━━(ﾟ∀ﾟ)━━━━━ !!!!!,big red,nan,nan
1173165126,167,グーニーズだお　懐かしいね,shita,nan,nan
1173265429,5839,なんというチキン,,,
1173153787,0,I wanna be a vipstar...,,,
1173154893,5940,I・G・P・X！！,big white,nan,nan
1173140111,1111,薫萌え,,,
1173195276,9671,ンギモッヂイイ！】,,,
1173280514,2879,ヤマカシ？,shita,nan,nan
1173197682,15996,なのはあああああああああ,,,
1173196369,118,石田ぁ,,,
1173179523,1627,DOORは怖い,,,
1173240274,2064,名曲,,,
1173159837,3720,真ゲッターのカッコ良さは異常,,,
1173186614,14510,パンツメン乱舞KOEEEEEEEEE,,,
1173178140,1497,ちょｗｗｗｗｗ,,,
1173148534,1844,これはｗｗｗｗｗ,,,
1173193945,1185,正直この人のモノマネはもうウザくなってきた,,,
1173173886,12378,なんだあああ,,,
1173149649,1630,これはこれでいい出来だったかもしれんね,,,
1173193852,9441,智代は俺の嫁,big green,nan,nan
1173183300,846,うぉい！,,,
1173162104,17787,今では外資競争が阿片の変わりです。,big,nan,nan
1173154630,18806,サンダアアアアァァァァ！！！！！,,,
1173152353,888,はよ発売せい,shita,nan,nan
1173193099,0,作品は知名度があるけど、アニメ版はマイナーだったか。,,,
1173149185,624,ねこみみもーど♪(･∀･),,,
1173169523,397,さらにやなタイトルだな…,,,
1173190730,1223,これはひどいｗｗｗｗｗｗｗｗｗｗ,,,
1173145442,238,ブルマ,big green,nan,nan
1173141027,2644,提供：藤原豆腐店,shita,nan,nan
1173124081,3757,ずっと俺のターンｗｗｗ,,,
1173232107,3793,キメェｗｗｗ,,,
1173395588,19472,何ゆえ通常ではをそこまで強調するのか,,,
1173128473,321,一番乗りで真かわいいよかわいいよ真,big,nan,nan
1173210299,6131,次キャラスティング使うわ,,,
1173206231,1042,(∴@盆@),,,
1173203813,1892,えーりん！,,,
1173146831,4895,うわｗｗ,,,
1173154963,1338,すいきんちかもくどってんめいかい,,,
1173173819,20504,今ので１－１かｗ,,,
1173135950,350,妖々夢ユカイ,,,
1173247095,12424,これ編集なしだったらすごいぞ？,,,
1173142688,10725,なぜに合体ロボなのじゃ,red,nan,nan
1173177269,590,ウッホ,,,
1173184711,2824,aaaa,,,
1173171407,985,あ,,,
1173216187,197,や　ら　な　い　か,,,
1173160565,2180,せがさたーん,,,
1173195096,3218,ようつべのより綺麗だな,,,
1173157359,2892,とりあえず↑は俺の嫁,shita,nan,nan
1173219847,12466,あいかわらず編集うまいな,,,
1173128761,1677,食べ物を粗末に,,,
1173176304,4911,マリオｗ,,,
1173202036,1620,おお,,,
1173154136,0,名勝負ktkr,shita,nan,nan
1173201202,439,桜庭は俺の嫁,,,
1173142762,2393,俺だったらこの辺で死んでる,,,
1173131286,758,ＣＭ,,,
1173140772,10585,メガネ～,,,
1173151440,481,月姫,,,
1173532742,90,り,,,
1173135899,266,コンボです,,,
1173189981,10914,あぶねぇー！,,,
1173176409,2267,だな,,,
1173194429,343,(ﾟ∀ﾟ)ﾗｳﾞｨ!!,,,
1173177514,1943,律子、可愛いよ、律子,,,
1173155355,3000,シューマ君若い!!　　ｗｗ,shita big blue,nan,nan
1173222959,3103,これはこんにゃくのなんだ？,,,
1173136265,12251,なんだこりゃｗ,,,
1173132822,656,びぃいいいいいいいいいいいいいいいいむ,,,
1173151887,2714,このゲームだけは毎回OP見てたなあ～,,,
1173132931,0,またきました,red,nan,nan
1173147317,4,トップをねらえ2! 第2話,shita,nan,nan
1173203894,0,なんかコメントよろ…,big red shita,nan,nan
1173198306,0,カラー版鉄人・・・,big green,nan,nan
1173316815,1615,( ﾟдﾟ ),,,
1173139522,1088,あちゃちゃ！,,,
1173228695,84793,忍者の巣,red,nan,nan
1173195799,736,バロスｗｗｗｗｗｗｗｗｗｗｗｗｗｗｗｗｗｗｗｗｗｗｗｗ,,,
1173175370,549,ｗｗっうぇｗｗｗｗｗっうぇ,,,
1173203156,525,常識じゃねーよｗｗｗ,,,
1173145864,3218,後にある「幽,,,
1173155789,870,アッー！,,,
1173145710,1092,復活記念up,,,
1173164723,10018,＾＾；,,,
1173260275,321,これいいよね,,,
1173173905,4424,でででっでっ,,,
1173204665,8430,３では卒業する話がテーマでとても感動した作品です。,,,
1173183511,4975,↑俺の嫁。,shita big red,nan,nan
1173241862,337,うっわああああああああ,,,
1174278960,6575,ｱｯｰ!!,,,
1173186337,1750,音がでかいよ,,,
1173194983,0,あ,,,
1173209872,457,美春は俺の嫁,,,
1173130669,648,よーしよし,,,
1173234535,415,えっらい好きだわぁ,,,
1173336367,1695,なんてこった…,,,
1173178182,1612,世界唯一ミュージックと言われたホンダエンジンのこの音最高！,shita,nan,nan
1173188530,0,うｐした奴ＧＪ！,,,
1173177390,1259,原作知らないけど、結構重いのかな？,,,
1173200173,0,4人がかりでもマニアレベルのゼクンドゥスなんて倒せる気がしない,,,
1173124296,5,宮子かわいいよ都,,,
1173246905,387,・,,,
1173192071,852,１ｇｔ,,,
1173170232,285,東方文化帖ＭＡＤ,,,
1173185284,0,なんて言ってるのかわからない,,,
1173162603,1836,初うｐ,,,
1173141845,178,イイ,,,
1173190137,0,おじいちゃん今日も頑張ります,,,
1173174623,2505,たたいた,,,
1173145108,12144,佐々木きゅん生きて,,,
1173150325,3480,これ好きだ,,,
1173196005,1285,神曲だなぁ,,,
1173130584,2505,ドラゴン先生の授業受けたい,,,
1173126658,3847,えーじぇんと,,,
1173143443,6019,やっと続きが見れそうだｗ,,,
1173166534,18675,ちょｗ,,,
1173163091,5658,ひろくん♪ひろくん♪ひろくん♪ひろくん♪ひろくん♪ひろくん♪,,,
1173188449,2398,どこまで見たか忘れたｗ,,,
1173152216,17611,こりゃ懐かしい。もう1つバージョンがあったはずだけど？,,,
1173176958,641,アッー！,red,nan,nan
1173234296,13686,これのＭＡＤいいのあるよな,,,
1173132848,8192,左がんばれｗ,,,
1173196383,653,カンタダキターーーーーーーーーーー,,,
1173131316,1379,もすかう　塩分て生えるっすか？,shita ,nan,nan
1173216893,3856,OPの雰囲気に騙されてやってみたらアレだからなｗｗｗ,,,
1173293212,2680,あらっつあっつあー,,,
1173360974,679,さくら,,,
1173150393,4679,懐かし…,,,
1173239270,1722,メルブラ好きだた,,,
1173160151,1430,ｷﾓｽｗｗｗｗｗｗｗｗｗｗｗｗｗｗ,,,
1173209090,477,マット君,shita,nan,nan
1173148751,1677,仮面,,,
1173194426,1795,真ソロは全部いい,,,
1173142997,298,おっくせんまん　実写MegaMariバージョン 暫定版,,,
1173140607,2602,どんだけ時間がかかったんだろ？,,,
1173157396,50097,なんてこったい,,,
1173184047,0,重い…,,,
1173196071,0,あああ,,,
1173126885,7863,てｓｔ,,,
1173190878,4315,あげｗ,,,
1173178581,0,うｐ,,,
1173123889,0,復活したよおおお！！,shita,nan,nan
1173232448,4,「Vanille Rouge -ヴァニーユ・ルージュ-」ave;new feat.佐倉紗織,shita,nan,nan
1173219747,987,イース！,,,
1173201021,581,濡れるほどにかっこいいよ,,,
1173389248,4441,これいいよ,,,
1173146385,8067,コッペた～ん！,,,
1173225608,3540,テレポートしまくり,,,
1173126415,165,手持ちの古い動画うｐ,shita,nan,nan
1173166969,233,TV版の映像もあります,,,
1173164256,1834,戦闘機最高ー,,,
1173127647,266,猫耳モ～ド♪,,,
1173215069,47,つべより。,,,
1173125843,17499,みくるがいい！？,pink,nan,nan
1173201559,3333,えへへじゃねぇよw,,,
1173156766,11585,GJだぉ！(*^ω^*)b,,,
1173153118,3579,久しぶりだな～,,,
1173168895,5149,このＯＰ怖いが本編面白かった,,,
1173230650,2523,キモスｗｗｗｗｗｗｗｗｗｗｗｗｗｗ,,,
1173145658,8472,復活記念up,,,
1173145414,1027,すげー楽しそうｗｗ,big green,nan,nan
1173235127,1186,AAが最高,,,
1173182466,4955,＼(^o^)／ｵﾜﾀ,,,
1173143648,7812,初代主人公のテーマにして最高の曲だよな、これ・・・,,,
1173241778,1045,みゃう,,,
1173142567,1014,じ,,,
1173171240,878,ありゃ、4:3にしないと駄目か,,,
1173168757,1790,ﾅﾂｶｼｽ,,,
1173200348,0,やった！！１ゲット！！,,,
1173627344,9736,ナナリーのインブレイスエンドはじめてみたｗ,,,
1173148191,833,start,shita,nan,nan
1173138675,2764,投稿しようと思ってたらもうされてたよ(´；ω；｀)ﾌﾞﾜｯ,,,
1173181615,1539,これはスゴイ,,,
1173152094,0,ショウヘイヘ～～～～～～～～～～～い！！！,,,
1173220472,0,輪,ue,nan,nan
1173164153,520,ｂ,,,
1173426445,985,ヤバスｗｗｗｗ,,,
1173143684,130,けーね？のえかきうた,,,
1173126387,2654,月夜にしか聞こえん,,,
1173147027,3759,熟練バージョン,,,
1173139458,1040,すごいよ・・・・,,,
1173165255,3840,あきゅきゅきゅきゅ,,,
1173139487,674,PS2版？,,,
1173138766,381,クラシックも演奏できるマリオピアニスト,,,
1173239714,1497,胸ゆれすぎだろｗ,,,
1173187052,43,あ,,,
1173144541,1432,test,,,
1173128186,4723,どんつーどんつー,,,
1173198448,2160,平成の始まり,,,
1173216432,627,どぅぱどぅぱどぅぱどぅぱどぅぱ,,,
1173250338,2200,これはｗｗｗ,,,
1173152952,4148,ブレすぎwww,,,
1173201570,6536,たま？,,,
1173144621,29019,／＾o＾＼ﾌｼﾞｻｰﾝ,,,
1173126338,1121,キミ！,,,
1173186913,967,おっくせんまんおっくせんまん！,big green,nan,nan
1173190202,0,どうみても変態,,,
1173205259,650,(・Å・),,,
1173138667,1277,1,,,
1173144753,2382,灰羽連盟,,,
1173130247,8686,ごめんなさい,,,
1173184704,4284,NOwwww,,,
