content,mophologics_num,bad_per_mophologic,simple_bad_flg,target,hiniku_per_mophologic,simple_hiniku_flg,positive_per_mophologic,simple_positive_flg
ガイジ,1,1,1,1,0,0,0,0
くどい,1,1,1,1,0,0,0,0
偽物　ただの釣り動画,6,2,1,1,0,0,0,0
振り付けダサイ,2,0,1,1,0,0,0,0
男きも,3,0,1,1,0,0,0,0
糞みたいな店員だな,6,1,1,1,0,1,0,0
死ね,1,1,1,1,0,0,0,0
人間のクズが,4,1,1,1,0,0,0,0
もものこえきもい,6,0,1,1,0,0,0,0
いい加減にしろｋｓがｗ,7,0,1,1,0,0,1,1
初代エウレカとかごみだろあほ,7,1,1,1,1,1,0,0
センスないわ,3,0,1,1,1,1,0,0
見えないから無意味ゴミ動画,6,1,1,1,1,1,0,0
なんだこいつ,3,1,1,1,0,0,0,0
鼻クソでキープしろ,5,1,1,1,0,0,0,0
スロ動画で今まで見てきた養分群でぶっちぎり一番最低の光景やでコレ,21,1,1,1,0,0,0,0
バカだろ,2,1,1,1,1,1,0,0
ハゲやん,2,1,1,1,0,0,0,0
30として弱いってだけで20と並べるとかアホか,12,2,1,1,2,1,0,0
やり返しってか？醜いね。,6,1,1,1,0,1,0,0
この人魚ポンコツすぎんぞ,6,1,1,1,0,0,0,0
燃えｋｓすこ、こびドルひで,8,1,1,1,0,0,0,0
これは腹立つ,3,1,1,1,0,0,0,0
たひね,2,0,1,1,0,0,0,0
引くこと覚えろカス（AHGN）,7,1,1,1,0,0,0,0
ゴミだよ,3,1,1,1,0,0,0,0
おっそ,2,0,1,1,0,0,0,0
ファンうるっさ！！！,7,0,1,1,0,0,1,1
つまんねー台だなー,6,0,1,1,0,1,0,0
編集ゴミなんだけど,6,1,1,1,1,1,0,0
ホント編集ｋｓ,4,0,0,1,0,0,0,0
店酷すぎやろが,5,0,1,1,0,0,0,0
これは互いにDQNだなぁ,6,1,1,1,0,1,0,0
惰性で見てるけど、この番組全然おもしろくないよな,13,0,1,1,2,1,0,1
コイン持ち悪いし当たっても出ないし糞台だなｗ,15,1,1,1,1,1,0,0
態度わりーな女,5,0,1,1,0,0,0,0
ヤローぶっ殺してやらー,5,0,1,1,0,0,0,0
こういうとこの求人って馬鹿でも募集してるからしゃーない,15,1,1,1,2,1,0,0
この台キモいな,5,1,1,1,0,0,0,0
パチンカスが常識人ぶるなよ,7,0,1,1,0,0,0,0
店員最低,2,1,1,1,0,0,0,0
なんもおもしろくない,4,0,1,1,1,1,0,1
ぶっさいなー野中,4,0,1,1,0,0,0,0
産業スパイ,2,0,1,1,0,0,0,0
面白くない上に編集技術のない奴が作った動画,13,0,1,1,2,1,0,0
ナイヲのパワハラと無能さが際立ってきた,12,1,1,1,0,1,0,0
なにいってんだこいつ,4,1,1,1,0,1,0,0
ないおみたけどブサメンやからなww 顔だせんくらい,14,0,1,1,2,1,0,0
ファンの奴うるせ～～ ww　とか最低www,12,1,1,1,0,0,1,1
サイコパス,1,1,1,1,0,0,0,0
これゴミだろ,3,1,1,1,1,1,0,0
ざこ,1,1,1,1,0,0,0,0
シスコン野郎!!!!!!,3,2,1,1,0,0,0,0
ゴミじゃねぇか,4,1,1,1,1,1,0,0
ほんまに、なんであんな終わってる台を導入するのかわからん,15,0,1,1,0,1,0,0
あーつまんね,4,0,1,1,0,0,0,0
きも,2,0,1,1,0,0,0,0
後ろから適当に撃ってるだけのクソｗｗｗｗｗｗｗ,10,1,1,1,1,1,0,0
ド田舎すぎるな,4,0,1,1,1,1,0,0
ないおがキモいからやろ,6,1,1,1,1,1,0,0
糞軍団晒せよ,4,1,1,1,0,0,0,0
あのゴミ達を何に使うのだろうか,11,1,1,1,1,1,0,0
糞店,2,1,1,1,0,0,0,0
ＴＴの日本語ダサい,5,0,1,1,0,0,0,0
ks,1,1,1,1,0,0,0,0
なんだこのクソ編集は,6,1,1,1,0,0,0,0
くさそう,2,0,1,1,0,0,0,0
おいてくれって言ったなら店がゴミだな,12,1,1,1,1,1,0,0
糞台ってより店しだいかなあ　マド２,11,1,1,1,1,1,0,0
世論調査はマスゴミの情報操作,8,1,1,1,0,0,0,0
価値低そうな女だったし,8,0,1,1,0,0,0,0
池沼は一つの物事に異常なほど執着し続けるからね　しょうがないね,18,1,1,1,1,1,0,0
ゴリラ映ったぞ,4,1,1,1,0,0,0,0
何で当たったかわかんないから面白くない,9,0,1,1,2,1,0,0
これはロリコンですわ,5,1,1,1,0,0,0,0
ふつうにクソ台やろ,5,1,1,1,0,0,0,0
あーころす,2,1,1,1,0,0,0,0
振りだっせえ・・・,6,1,1,1,0,0,0,0
ファンうるさい！！ww,5,1,1,1,0,0,1,1
サイコパス気質なんだろ,5,1,1,1,1,1,0,0
前でるとかアホかな？,7,1,1,1,0,1,0,0
サイコパスじゃねーかｗｗｗｗ,5,1,1,1,1,1,0,0
キチゲエが,2,0,1,1,0,0,0,0
テスト期間中にこれ書いてるだけで十分バカなんだよなぁ,16,1,1,1,1,1,0,0
女の方が舐めとるやろ,7,0,1,1,0,1,0,0
下手糞な編集すんなや・・・,9,1,1,1,0,0,0,0
この魚ポンコツやな,5,1,1,1,0,0,0,0
北斗に比べて低設定の誤爆がないからボッタ地域じゃゴミカス評価だな,19,2,1,1,2,1,0,0
『カメラ下手かw』っていった人、そんな上から言えるってことは、カメラマンさん？笑　めっちゃガキ…笑,28,2,1,1,2,1,0,0
黒く塗りつぶした方が見栄えが良くなるところまで描いちゃってるから上手くはない,18,0,1,1,1,1,0,0
見るだけ無駄な時間だった,7,1,1,1,1,1,0,0
レインコート兄貴いい加減にしろ!,7,0,1,1,0,0,1,1
ファンの奴うるせ～～  ww,8,0,1,1,0,0,1,1
なにこのごみ,3,1,1,1,0,0,0,0
超絶ｋｓ店だこれわ,6,0,0,1,0,0,0,0
ごっみ,3,0,1,1,0,0,0,0
グッピー普通に下手くそだからな,7,1,1,1,0,0,1,1
←「じゃあお前がやれ」って擁護は馬鹿すぎるからやめてくれ,16,1,1,1,2,1,0,0
オワコン,1,1,1,1,0,0,0,0
なら自分で描いてネットに載せろ9ず,10,0,1,1,0,0,0,0
ホモはせっかち,3,1,1,1,0,0,0,0
雑魚視点,2,1,1,1,0,0,0,0
有名なクソ店,4,1,1,1,0,0,1,1
お、ホモカップルか？,6,1,1,1,0,0,0,0
着地取る気もなく射撃垂れ流してただけのゴミだったな,16,1,1,1,1,1,0,0
ヤリマンもんじゃ店,4,0,1,1,0,1,0,0
結果書くなアホ,4,1,1,1,0,0,0,0
誰かゴミ広いしてやれや,6,1,1,1,0,0,0,0
弱すぎ,2,0,1,1,0,0,0,0
雑,1,1,1,1,0,0,0,0
謎あたりってなんだよ・・・単独だろうがゴミ,14,1,1,1,1,1,0,0
釣りは死ね,3,2,1,1,0,0,0,0
これあほほどくるよな,7,0,1,1,0,0,0,0
↑少女時代バカにすんな。,8,1,1,1,0,0,0,0
よわすぎ,2,1,1,1,0,0,0,0
チキンども,2,1,1,1,0,0,0,0
雑い,2,1,1,1,0,0,0,0
カッコいい馬鹿,3,1,1,1,0,0,1,1
ヲタ怖すぎwwwwwwwwwwwwwwwwwwwwwwwwwwwwwwwwww,4,1,1,1,0,0,0,0
頭おかしいな,3,0,1,1,0,0,0,0
まあ糞台だけどなｗ,7,1,1,1,1,1,0,0
掛け声ださ,3,0,1,1,0,0,0,0
さっさと動画説明文のうんこちゃんを消せ,9,2,1,1,0,0,0,0
無資格でしょ,3,0,1,1,0,0,0,0
変態ロリコン（勘違い）レズ野獣部長ぼろくそ言われてて草萌ゆる（古文）,20,2,1,1,0,0,0,0
ユニバの台なんて全部ゴミだろ,7,1,1,1,2,1,0,0
なんでこんなクソ編集なん,5,1,1,1,0,0,0,0
あほ,2,0,1,1,0,0,0,0
さやカスｗｗ,4,1,1,1,0,0,0,0
掛け声うるさい！,3,1,1,1,0,0,0,0
やる気ないな、このもんじゃ女,8,0,1,1,2,1,0,0
あの「タイミングで座ったからでたんだろうがゴミが,15,1,1,1,1,1,0,0
トリ頭だから言ってんだろ,8,0,1,1,1,1,0,0
北斗はつまんねーし出ねえし,8,0,1,1,0,0,0,0
ゲームやめろ,2,1,1,1,0,0,0,0
画質わるくね,3,0,1,1,0,0,0,0
禿バンク,2,1,1,1,0,0,0,0
最低,1,1,1,1,0,0,0,0
chappyうざいしな。。,5,0,1,1,0,0,0,0
にどみつまんなくなたったな,8,0,1,1,0,0,0,0
かまってちゃんだなぁ,5,0,1,1,0,1,0,0
無駄金,2,1,1,1,0,0,0,0
タマなし野郎が勝てないのは当然,9,1,1,1,1,1,0,0
コジマ頭悪そう,4,0,1,1,0,0,0,0
低レベルな店やなー,6,0,1,1,1,1,0,0
馬鹿馬鹿しい,1,0,1,1,0,0,0,0
ちかいてうるさい。,4,1,1,1,0,0,0,0
応援してる人の声キモい,8,1,1,1,0,1,1,1
仕事なめてる？,4,0,1,1,0,0,0,0
↑ダサいのはわかる↑,6,0,1,1,0,0,0,0
メンヘラ,1,1,1,1,0,0,0,0
ぶっさ,2,0,1,1,0,0,0,0
分かるかボケ,3,1,1,1,0,0,0,0
今すぐ投稿やめて首でも吊って4ねや,12,0,1,1,0,1,0,0
レベルひくいなぁ,3,0,1,1,1,1,0,0
まともなはずのキャラがサイコパス設定デフォになるともう末期なんだなって思うわ,21,1,1,1,1,1,0,0
絵に描いたようなBITCH,7,1,1,1,0,0,0,0
ごみかよ,3,1,1,1,0,0,0,0
編集酷いよなここ最近特に,7,1,1,1,0,0,0,0
接客舐めてんのかこの女、あー舐めてるからこんな仕事してんのか,19,0,1,1,0,0,0,0
隣みたいにタバコ上げたまま打つ猿消えてくんねーかな,15,1,1,1,0,0,0,0
本当にクソみたいな立ち回り,5,1,1,1,0,0,0,0
ｶｽども,2,1,1,1,0,0,0,0
やるおネタばれやめろや死ね,7,2,1,1,0,0,0,0
ひでーな,3,1,1,1,0,0,0,0
なんかすげー気持ち悪い,5,0,1,1,0,0,0,0
何で最近全部このクソ編集なの？,9,1,1,1,0,0,0,0
例の糞やんけ,5,1,1,1,0,0,0,0
気持ち悪い女,3,0,1,1,0,0,0,0
下手すぎ,2,1,1,1,0,0,0,0
まじざけんな,2,1,1,1,0,0,0,0
ほんとこいつはカス,4,2,1,1,0,0,0,0
この精神リソース使いまくった直後にくるとはいやらしい,12,1,1,1,0,0,0,1
マジ無能,2,1,1,1,0,0,0,0
中将なのになにいってんだごみ,7,1,1,1,1,1,0,0
だから何でこうなったんだよ編集クソすぎんよ,12,1,1,1,0,0,0,0
でぶおが最近うるさい,5,1,1,1,0,0,0,0
まあ不細工二人やからつまらんのよ!,11,1,1,1,0,0,0,0
燃えてないからタイトルヤルヲのカスで,8,1,1,1,1,1,0,0
語彙力無振りか,5,0,1,1,0,0,0,0
釣りかよ死ね,4,2,1,1,0,0,0,0
くそみせｗ,3,1,1,1,0,0,0,0
きたない,1,1,1,1,0,1,0,0
おもろくない,2,0,0,1,1,1,0,0
は？店が指示出してんの？アホちゃう？,12,1,1,1,0,0,0,0
糞釣りゴミ動画,4,3,1,1,0,0,0,0
気持ち悪…,3,0,1,1,0,0,0,0
自分を強者だと思ってる勘違い野郎,9,1,1,1,0,1,0,0
殺されてぇかお前ら…,7,0,1,1,0,0,0,0
変態ロリコン姉貴は帰って、どうぞ（無慈悲）,12,2,1,1,0,1,0,0
ファン黙れ,2,1,1,1,0,0,1,1
蒲生がいちばんｋｓだけどな,7,0,0,1,1,1,0,0
ガンイージザコすぎ,2,0,1,1,0,0,0,0
　むしろクソマズなんだよなぁ・・・・,11,0,1,1,0,0,0,0
うぜぇw,4,0,1,1,0,0,0,0
女の子の日かな？,6,0,1,1,0,1,0,0
ごみかとオモタ,4,1,1,1,0,0,0,0
レインコート兄貴の動画は詰まらん（莫の村を作った作者に謝れ！）,19,0,1,1,0,0,0,0
消えろカス,2,1,1,1,0,0,0,0
ヤリマンアバズレクソビッチ,1,0,1,1,0,0,0,0
影で文句言ってないでさっさと辞めればいいだろオルァン！！,15,0,1,1,2,1,1,1
何だ乞食動画かよ,5,1,1,1,0,0,0,0
雑魚過ぎw,3,1,1,1,0,0,0,0
文脈を読み取る力が弱いなコジマ,8,1,1,1,0,0,0,0
総無能,2,1,1,1,0,0,0,0
じゃあ聞くけど自分がライブとか行ったとき掛け声せぇへんの？うるさいとか言うねんやったら他の動画みとけば？そんなんも考えられないの？文句がガキ並みやで？,42,2,1,1,2,1,0,0
ごみすぎる,2,1,1,1,1,1,0,0
ないおがつまらないのが原因,7,1,1,1,1,1,0,0
ゴミみたいな店だな絶対行かないわこんな店,12,1,1,1,1,1,0,0
↑ファンうるさい！！！！　とか最低！！！,9,2,1,1,0,0,1,1
がいじだらけ,4,0,1,1,0,0,0,0
のけデブでわろた,5,1,1,1,0,0,0,0
脳みそなかったらコメ打てないだろ。ネタでもつまらんよ。,15,0,1,1,2,1,0,0
並びはクソ,3,1,1,1,0,0,0,0
なにこのクソ店,4,1,1,1,0,0,0,0
狂ってるｗ,3,0,1,1,0,1,0,0
さすが柏、ゴミだなw,7,1,1,1,0,1,1,1
釣り兄貴に同情はしないけど自分をウルヴァリンする場合執着がない方が池沼だと思うんですけど（名推理）,29,2,1,1,4,1,0,0
やらせ,2,0,1,1,0,0,0,0
なんじゃこりゃ　ひでー店だな,9,1,1,1,1,1,0,0
うんこ,1,1,1,1,0,0,0,0
これはロリコン,3,1,1,1,0,0,0,0
編集へったくそ,3,0,1,1,0,0,0,0
ざっこ,1,1,1,1,0,0,0,0
釣り動画,2,1,1,1,0,0,0,0
カメラ下手,2,1,1,1,0,0,0,0
編集クソになったな,6,1,1,1,0,0,0,0
ひでぇ店だな,5,1,1,1,0,1,0,0
死んだら？,3,0,1,1,0,0,0,0
エピオンのE覚マジでウザい,8,1,1,1,0,0,0,0
サイコじゃねーか！,5,1,1,1,1,1,0,0
オワコンホクロ,1,0,1,1,0,0,0,0
通信つまんな,3,0,1,1,0,0,0,0
ブス,1,1,1,1,0,0,0,0
ゴミ台よ,3,1,1,1,0,0,0,0
最悪だな ここ行く客も頭おかしい,10,0,1,1,0,1,0,0
うぜえええええええええええ,12,0,1,1,0,0,0,0
民度ゴミすぎる・・・,6,1,1,1,1,1,0,0
クソフトバンクを叩き潰せ,4,1,1,1,0,0,0,0
馬鹿だらけだわな,5,1,1,1,0,0,0,0
マイクは超能力者じゃねえよポンコツ,9,1,1,1,1,1,0,0
ボルト戦闘シーンよくないよな、作画かわって,11,0,1,1,1,1,1,1
ハゲ隠し,2,1,1,1,0,0,0,0
動画消せ,2,1,1,1,0,0,0,0
無法ゴミ,2,1,1,1,0,0,0,0
ヤク中,2,0,1,1,0,0,0,0
ただのきもでぶだったか,7,0,1,1,0,0,0,0
ダイジェストはっかで動画みる意味ないわ,8,0,1,1,1,1,0,0
バカが多いかも,4,1,1,1,0,0,0,0
編集も打ち手もゴミだな（呆れ）,11,1,1,1,0,1,0,0
なにこの糞ゲー,4,1,1,1,0,0,0,0
ちょっと蛇足気味だな・・・,8,0,0,1,0,1,0,0
蛇足は同意,3,0,0,1,0,0,0,0
蛇足っていってるヤツはJazzのライブを聞いたことがない奴,17,0,0,1,1,1,0,0
蛇足っつう～かﾗｲﾌﾞｱﾚﾝｼﾞのお約束みたいなもんだろ,13,0,0,1,1,1,0,0
 クラップうざいな,3,0,1,1,0,0,0,0
クラップ誌ね,3,0,0,1,0,0,0,0
またろう単調でヘタ,5,0,0,1,0,0,0,0
あかいひとおどってばっか,5,0,0,1,1,1,0,0
馬鹿ってアホか。一言多いんじゃねえ？,11,2,1,1,2,1,0,0
なんかもたってる感じがするのは俺だけ？？,13,0,0,1,1,1,0,0
カメラぶれすぎ,3,0,0,1,0,0,0,0
手ブレ修正しろ,4,0,0,1,0,0,0,0
テンポ遅いな…,4,0,0,1,0,0,0,0
何度聴いても手拍子がイタイ,8,0,0,1,0,0,0,0
アニオタＫＹ過ぎる,4,0,0,1,0,0,0,0
手拍子ないな,3,0,0,1,1,1,0,0
コレがジャズじゃないという奴は逆にJAZZを理解してない,16,0,0,1,4,1,0,0
手拍子死ね,2,1,1,1,0,0,0,0
手拍子でリズム狂う奴は修行が足りない,10,0,1,1,1,1,0,0
動画を黙って見ることのできない奴が一番痛い,13,0,0,1,1,1,0,0
これjazzじゃねーだろーが,7,0,0,1,2,1,0,0
もたってるのは手拍子のせい？,9,0,0,1,0,1,0,0
手拍子に過剰反応してるのも似たようなもんだろ・・,16,0,0,1,1,1,0,0
カスとかうぜえ素人も見れる動画サイトなんだよ察しろ,15,1,1,1,0,0,0,0
手拍子に釣られる時点でミュージシャンかホントに疑わしいけどな,13,0,0,1,1,1,0,0
困るってよりダサイな手拍子,6,0,1,1,1,1,0,0
どうせならレベル上げろよ,5,0,0,1,1,1,0,0
あと一歩なのに・・・,8,0,0,1,1,1,0,0
いらないだろ,3,0,0,1,2,1,0,0
勇者ってこの程度なんだな,8,0,0,1,1,1,0,0
普通これだけ死んだら飽きるよな,8,0,1,1,1,1,1,1
ほしふるうでわっていらないんじゃない？,11,0,0,1,3,1,0,0
↓お前毎回なんなの？消えろよ,10,0,0,1,0,0,0,0
↓同意…意味もわからんし,8,0,0,1,0,0,0,0
↑氏ね,3,0,0,1,0,0,0,0
ゆとりだろうがゆとりじゃなかろうがイタイ奴はイタイ,13,0,0,1,2,1,0,0
なんで宝箱とらないの？,7,0,0,1,1,1,0,0
ここタネ類多いからもっと取れよ,8,0,0,1,0,0,0,0
そうびしろよ,2,0,0,1,0,0,0,0
取れよ,2,0,0,1,0,0,0,0
センスねぇな･･･,4,0,0,1,0,0,0,0
これは凄ぇぇ！　低画質なのがおしいな,13,0,0,1,0,0,0,0
素材がちと惜しいかも知れん,7,0,0,1,0,0,0,0
下の歌詞がサブいんだよなぁ・・・,12,0,0,1,0,0,0,0
演説シカト・・・・,6,0,0,1,0,0,0,0
元を知らないってどんだけゆとりだよ,10,0,0,1,3,1,0,0
劇場版の方が良いな,7,0,0,1,0,1,1,1
知らないのはゆとりでも十分恥ずかしいと思うが・・・,14,0,0,1,1,1,0,0
お前らの脳内では否オタ＝ゆとりなのか,14,0,0,1,0,0,0,0
TV版は微妙,4,0,0,1,0,0,0,0
バカチョン死ねよ,3,1,1,1,0,0,0,0
糞チョン死ね,3,2,1,1,0,0,0,0
バカチョンを皆殺しにせよ！！！！,9,0,1,1,0,0,0,0
朝鮮民族を皆殺しにせよ！！！！！！！！,8,0,1,1,0,0,0,0
画質・・・,4,0,0,1,0,0,0,0
音悪い,2,0,0,1,0,0,0,0
ちょっと早口だね,4,0,0,1,0,0,0,0
反日とか反韓やら、反中とか言ってるバカな連中は、どこの国にもいるもんだな,25,1,1,1,0,1,0,0
はいはい扇動乙,4,0,0,1,0,0,0,0
SEEDごみだ,3,1,1,1,0,0,0,0
これはダメかもわからんね,8,0,0,1,0,0,0,0
これは流行らない,4,0,0,1,1,1,0,0
これは重症ですね,5,0,0,1,0,0,0,0
繋ぎがいまひとつだな,5,0,0,1,0,1,0,0
これは駄目にしても、釘宮でループつくりたいな,14,0,0,1,0,0,0,0
やよいのワンツーには勝てないな･･･,9,0,0,1,1,1,0,0
まず始末書を書け,5,0,0,1,0,0,0,0
つなぎあまくね？,4,0,0,1,0,0,0,0
修行にはもってこいだな,6,0,0,1,0,1,0,0
これはもうだめかもわからんね,9,0,0,1,0,0,0,0
ここじゃないループだったらよかったような,10,0,0,1,2,1,0,0
たまに繋ぎが変だな,6,0,0,1,0,1,0,0
これはひどい,3,0,0,1,0,0,0,0
へたすぎ。,3,0,0,1,0,0,0,0
かおだすなきもい,5,0,1,1,0,0,0,0
保志以外キモス,3,0,1,1,0,0,0,0
本家のがいいな,5,0,0,1,0,0,1,1
MADなら切り貼りだけじゃなくて組んでくれ,10,0,0,1,2,1,0,0
重すぐる・・・・・・・・・。,5,0,0,1,0,0,0,0
歌詞は合ってるんだけど映像がマッチしていないね・・・,18,0,0,1,2,1,0,0
Fragment　～Shooting star of the origin～のほうが合うと思うんだが,21,0,0,1,0,0,0,0
悪くはないな・・・,7,0,0,1,1,1,0,0
重いな・・・,5,0,0,1,0,0,0,0
速度かえればなんでもあうんじゃないかとおもうんだが,15,0,0,1,2,1,0,0
魔理沙のほうの音いれわすれてねぇ？,11,0,0,1,0,0,0,0
げーじが,4,0,0,1,0,0,0,0
橘さん！なぜそれを使うんです！,10,0,0,1,0,0,0,0
火力ひくっ,3,0,0,1,0,0,0,0
画像汚い,2,0,0,1,0,0,0,0
ある意味これでも良くねえ？,7,0,0,1,0,1,0,0
あんま編集うまくないね,5,0,0,1,1,1,1,1
やっぱこういうの見ると今のＲＰＧって…,10,0,0,1,1,1,0,0
やっぱクロノトリガーを超えるRPGはないな…,9,0,0,1,1,1,0,0
未来変わったのに何故あの服なんだ・・・,13,0,0,1,1,1,0,0
作者の人気に嫉妬,5,0,0,1,0,0,0,0
でもさ、当時は絶賛されてたわけじゃないよな、クロノトリガーって,18,0,0,1,3,1,0,0
最近のＲＰＧは・・・見習って欲しいな・・・,14,0,0,1,0,1,0,0
なにやら作者もゲームも神格化しすぎの馬鹿がいますね＾＾；,18,1,1,1,0,1,0,1
作者は別に凄くないから,6,0,0,1,1,1,0,0
これこそが本来のゲームとか思い込んで今の作品を否定する奴死んでね,19,0,0,1,0,0,0,0
大多数のカスが崇拝しすぎて萎えるわ,11,1,1,1,0,1,0,0
流れに合わせてるだけの奴は死ね,9,1,1,1,1,1,0,0
懐古厨キモイですぅ,5,0,1,1,0,0,0,0
さっき言われていた複数ある流れの中の一つ、、、なんだが寄りによってあんな鬱ストーリー持ってこなくても('A`),33,0,0,1,0,1,0,0
ここまできて、なにしとる,7,0,0,1,0,0,0,0
まぁどうせ勝つんだからつまらんな,9,0,1,1,0,0,1,1
なんで逃げないの?,5,0,0,1,1,1,0,0
はぁ・・・・つまらん,7,0,1,1,0,0,0,0
↓いいから氏ね,5,0,0,1,0,0,1,1
↓うざい,3,0,1,1,0,0,0,0
正直やくそうじゃ使ってもあんまり効果なさそうだしな,15,0,1,1,1,1,0,0
乱数調整厨は無視で,6,0,0,1,0,0,0,0
チートとかアホが湧いてると思ったらＩＤ開放したのか,15,1,1,1,0,0,0,0
↓お前がしねゆとり,5,0,0,1,0,0,0,0
↓いいからお前は死ね！,7,1,1,1,0,0,1,1
チートとかいってる奴かわいそう,8,0,0,1,0,1,0,0
なんでこれまでの見てない子がこんな多いんだ,13,0,0,1,1,1,0,0
これカットしたら動画の価値がなくなるだろう,11,0,0,1,1,1,0,0
↑いいからお前は死ね！,7,1,1,1,0,0,1,1
これはヤラセ臭ぇーな。状態保存してリプレイ繰り返したんだろ,17,0,0,1,1,1,0,0
所詮リプレイ,2,0,0,1,0,0,0,0
画質悪いな,3,0,0,1,0,0,0,0
何かあるとすぐチートだヤラセだほざき出す無能ゆとりﾜﾛｽｗｗｗｗ,15,1,1,1,0,0,0,0
画質が落ちてるな,5,0,0,1,0,0,0,0
武道家の改心連発を知らないやつはゆとり,11,0,0,1,1,1,0,0
中国かわいそす,5,0,0,1,0,0,0,0
君は社交辞令という言葉を知っているかね？,13,0,0,1,1,1,0,0
こいつ新人なのに金持ってんな・・・,11,1,1,1,2,1,0,0
まあ高々数千円だしなぁ…忙しくて金使う間もないんだろう…,20,0,0,1,2,1,0,0
正装とまではいかなくても…この格好でこれる店には…,18,0,0,1,0,0,0,0
ここでコケろ,3,0,0,1,0,0,0,0
プロデューサーのイントネーションおかしいよね？,7,0,0,1,0,0,0,0
なんか切り方激しくなかった？,7,0,0,1,0,0,0,0
ダメに決まってるだろ,5,0,0,1,1,1,0,0
仕事中に電話かけてくんなっつの,10,0,0,1,0,0,0,0
この発言はＰに失礼すぎるのでは,10,0,0,1,1,1,0,0
タグが厳しすぎる,4,0,0,1,1,1,0,0
もっと上につれていけってことですね,10,0,0,1,1,1,0,0
お前の給料ならそんなもんかと思って・・・,13,0,0,1,0,1,0,0
ﾊﾙﾙﾝﾓ､ｶﾜｲｲﾃﾞｽﾖ,3,0,0,1,0,0,0,0
結局皆愚民,3,0,0,1,0,0,0,0
センスは無いよな,5,0,0,1,1,1,0,0
普通のレストランだろうな、周りの音が五月蝿いし,13,0,0,1,1,1,1,1
何が黒だ　死ね,6,1,1,1,0,0,0,0
下コメするバカ死なないかなあ,8,1,1,1,1,1,0,0
幼児,1,0,0,1,0,0,0,0
この画質、何がおもしろいのかわからん,10,0,0,1,0,0,0,1
何これ？つまらんすぎて意味ふ,9,0,1,1,0,0,0,0
Y.S-Yさん空耳動画はどうしたんですか？(笑)叩かれて逃げちゃいましたか(笑),29,0,0,1,0,1,0,0
やべぇ,3,0,0,1,0,0,0,0
ＹＳのカスはくたばれよ,6,1,1,1,0,0,0,0
犯罪者乙,3,0,0,1,0,0,0,0
身内しか楽しめない動画だな,7,0,0,1,2,1,0,0
なにがおもしろいの？,5,0,0,1,0,0,0,1
まあ犯罪者だもんな,6,0,0,1,0,0,0,0
くだらん,2,0,0,1,0,0,0,0
つまんね,3,0,1,1,0,0,0,0
意味不,2,0,0,1,0,0,0,0
"馬鹿らしい…(-д-"")",5,0,1,1,0,0,0,0
誰が得するのこの動画,6,0,0,1,0,0,0,0
コメない,2,0,0,1,1,1,0,0
Y.S-Yって死んだ人？,10,0,0,1,1,1,0,0
こんな身内動画アップしてどうするの？,10,0,0,1,0,0,0,0
薫:くだらない(-_-),4,0,0,1,0,1,0,0
Y.S帰れ！！,6,0,0,1,0,0,0,0
なにこれ,2,0,0,1,0,0,0,0
意味不明,2,0,0,1,0,0,0,0
バカバカバカ！,2,0,1,1,0,0,0,0
ありえねｪ,4,0,0,1,0,0,0,0
つまんねー,3,0,1,1,0,0,0,0
はっっっ‥？,5,0,0,1,0,0,0,0
会話がよく聞こえん,5,0,0,1,0,0,1,1
こいつらバカだろう,5,2,1,1,1,1,0,0
なにこれ,2,0,0,1,0,0,0,0
きもε=┏(;￣▽￣)┛,4,0,1,1,0,0,0,0
何これ！,3,0,0,1,0,0,0,0
アホらしい,2,1,1,1,0,0,0,0
あほ,2,0,1,1,0,0,0,0
バカ！,2,1,1,1,0,0,0,0
オモシロくない,3,0,0,1,1,1,0,0
バカ,1,1,1,1,0,0,0,0
つまんない,1,0,1,1,0,1,0,0
わいえすキモいよ死ねよ,7,2,1,1,0,0,0,0
なにこれ？,3,0,0,1,0,0,0,0
くだんねー,2,0,0,1,0,0,0,0
音ゲーしかできないくず,6,0,0,1,2,1,0,0
おもんない,1,0,0,1,0,1,0,0
幼稚ですか？？？,6,0,0,1,1,1,0,0
そうゆうノリ方しかできないんですねわかります,12,0,0,1,2,1,0,0
ノリがわからん,4,0,0,1,0,0,0,0
きたない,1,1,1,1,0,1,0,0
誰得動画だ？,5,0,0,1,0,0,0,0
焼き肉はへたくそだな,5,0,1,1,0,1,0,0
低レベル,2,0,1,1,1,1,0,0
なんだ身内動画か,5,0,0,1,0,0,0,0
声がキモい人がキモいアップすんなカスカスカスカスカスカスカスカスカスカスカスカス,12,2,1,1,0,0,0,0
眼鏡男キモいからｶｽｶｽｶｽｶｽｶｽｶｽｶｽｶｽ,6,1,1,1,0,0,0,0
全然面白くねーし,4,0,0,1,0,0,0,0
元曲知らないのが痛いな,8,0,0,1,1,1,0,0
いっぺん死んでみる？＾＾,7,0,0,1,0,1,0,0
んー。。。なんかなぁ・・・,11,0,0,1,0,0,0,0
ばーさん達うざい,6,0,1,1,0,0,0,0
タグがひどい,3,0,0,1,0,0,0,0
タグがわからない,4,0,0,1,1,1,0,0
死ね死ね死ね死ね死ね死ね死ね死ね死ね死ね死ね死ね死ね死ね死ね死ね死ね死ね死ね死ね死ね死ね死ね死ね死ね死ね死ね死ね死ね死ね,30,30,1,1,0,0,0,0
明日、殺します,4,0,1,1,0,0,0,0
 タイペイ さん死ね,4,1,1,1,0,0,0,0
なんだろ・・・これ・・・,9,0,0,1,1,1,0,0
死ね,1,1,1,1,0,0,0,0
死ねぇ,2,0,1,1,0,0,0,0
死ね死ね言ってる奴はタミフルゆとり,8,2,1,1,0,1,0,0
　なにこれ？,3,0,0,1,0,0,0,0
誰がどの口で抜かすんだてめぇ,9,0,0,1,0,0,0,0
パクリネタいつもお疲れ様です＾＾,6,0,0,1,0,1,0,1
ここのステレオサウンドが気持ち悪いんだなぁ,9,0,1,1,0,1,0,0
ジールのような糞虫はどんな時代にもかならずいるんだなぁ,15,0,1,1,0,1,0,0
曲ちがくね？,5,0,0,1,0,0,0,0
うp主はやりこんでないですね,10,0,0,1,1,1,0,0
つまらねえコメ連発すんじゃねえよボケ,9,1,1,1,1,1,0,0
灰かよ,3,0,0,1,0,0,0,0
時報自重,2,0,0,1,0,0,0,0
ボーカル下手すぎ,3,1,1,1,0,0,0,0
ずれすぎ,2,0,0,1,0,0,0,0
へ　た　く　そ,7,0,0,1,0,0,0,0
これはひどい・・・・,7,0,0,1,0,0,0,0
英語ぐダグダ,3,0,0,1,0,0,0,0
リズム感がない,4,0,0,1,1,1,0,0
演奏ばらばら,2,0,0,1,0,0,0,0
音質わるいなあ,3,0,1,1,0,0,0,0
音悪すぎ,3,0,0,1,0,0,0,0
何言ってんだろ？,6,0,0,1,1,1,0,0
胸糞悪い演奏だな,5,0,1,1,0,1,0,0
サビしかいえてねぇ,5,0,0,1,1,1,0,0
コーラス以前の問題だ　バカ,7,1,1,1,0,0,0,0
速すぎ,2,0,0,1,0,0,0,0
何なのかが良く分からない・・・。,12,0,0,1,1,1,0,0
理解できない,3,0,0,1,1,1,0,0
だから何？,3,0,0,1,0,0,0,0
あんちにぃーじゃないか,8,0,0,1,2,1,0,0
子供達にあやまって、そして芸能界に二度と現れるな！,14,0,0,1,0,1,0,0
すねお　死し死しシシしし視し,9,0,0,1,0,0,0,0
ゆとりにでもわかるっつーのｗお前が馬鹿,12,1,1,1,0,0,0,0
しね,1,0,0,1,0,0,0,0
呪われる・・・,5,0,0,1,0,0,0,0
なにこの曲、、、。,7,0,0,1,0,0,0,0
恐ろしい・・・,4,0,0,1,0,0,0,0
きもい＾＾,5,0,1,1,0,1,0,0
こわいんだけど,4,0,0,1,1,1,0,0
鬱になる・・・orz,7,0,0,1,0,0,0,0
今日は変なのが沸く日だな,10,0,0,1,0,1,0,0
すまない。音楽だけいただく。,7,0,0,1,2,1,0,0
呪われる,2,0,0,1,0,0,0,0
能登の演技は下手すぎ,6,1,1,1,0,0,0,0
声優やめろって感じ,4,1,1,1,1,1,0,0
恐怖,1,0,0,1,0,0,0,0
畏怖,1,0,0,1,0,0,0,0
呪詛,1,0,0,1,0,0,0,0
※本当に怖いのはあなたです,7,0,0,1,0,0,0,0
なんか寒気してきたんだけど・・・,12,0,0,1,1,1,0,0
これは･･･怖い･･･,5,0,0,1,0,0,0,0
マジで呪われるぞ,5,0,0,1,0,0,0,0
お祓いしなきゃ･･･,4,0,0,1,0,0,0,0
リアルで怖い,3,0,0,1,0,0,0,0
↑よくそんな顔できもいなんて口にできるな,12,0,1,1,0,1,1,1
この速さの方良いよな,8,0,0,1,0,0,1,1
赤青うざっ,3,0,0,1,0,0,0,0
女死ね,2,1,1,1,0,0,0,0
あの女ワガママにもほどがあるな,9,0,0,1,0,0,0,0
なんかすっげえオタクっぽいよなあ・・・主人公,12,0,0,1,0,0,0,0
マスゴミうぜえええええええええええええ,16,1,1,1,0,0,0,0
つかえねぇ,2,0,0,1,0,0,0,0
死ね,1,1,1,1,0,0,0,0
こいつうぜええええええええ,10,1,1,1,0,0,0,0
楽に逝けてよかったね,7,0,0,1,0,0,0,0
トミー無情すぎ,3,0,0,1,0,0,0,0
ばばあ逝ったな,5,0,0,1,0,0,0,0
で？,2,0,0,1,0,0,0,0
死ぬの？？,4,0,0,1,0,0,0,0
あーあ・・・死んだ,6,0,0,1,0,0,0,0
なんでこんなとこいってんの？,6,0,0,1,0,1,0,0
いまいち,1,0,0,1,0,0,0,0
想像つくだろ,3,0,0,1,1,1,0,0
無駄,1,1,1,1,0,0,0,0
パクりじゃねーかよ,6,0,0,1,1,1,0,0
かみ合わない実況,3,0,0,1,1,1,0,0
ガチャプレイきもいです,5,0,1,1,0,0,0,0
なんかフォントが安っぽいな,5,0,0,1,0,0,0,1
お前のコメントがきもいです,8,0,1,1,0,0,0,0
全体レベルひくっ,4,0,1,1,1,1,0,0
真ん中の男いらね,5,0,0,1,0,0,0,0
腹から声出せや,5,0,0,1,0,0,0,0
ブス女の嫉妬が臭いｗ,7,1,1,1,0,0,0,0
女ども嫉妬で発狂,5,0,1,1,0,0,0,0
悪コメする人はブスでデブな人です。,12,2,1,1,0,0,0,0
自分が好きならいいじゃん、アンチに対して嫉妬とか自分の価値観を押し付けるなよ荒らすなよ迷惑,23,0,0,1,1,1,2,1
いいこと教えてあげる　　　　　嫉妬してる奴は外も中もブス,20,1,1,1,0,1,1,1
こんな低レベルが評価されるとかﾜﾛﾀ,9,0,1,1,1,1,0,0
お前ホモかよぉ！,6,1,1,1,0,0,0,0
こいつきもい,4,0,1,1,0,0,0,0
おいうp主糞萌え豚アニメと混ぜんな,12,1,1,1,0,0,0,0
おもんねーから,3,0,0,1,0,0,0,0
おまけくそつまらん,4,1,1,1,0,0,0,0
最後のおまけで台無しだわ　センスなさすぎ,12,0,0,1,0,0,0,0
可愛いけど微妙,3,0,0,1,1,1,0,0
へた,1,0,0,1,0,0,0,0
低いすぎかな,4,0,0,1,0,0,0,0
読点入れすぎや説明文,6,0,0,1,0,0,0,0
うぜぇ・・・,6,0,1,1,0,0,0,0
ここのサークルは、歌はいいのに曲がしょぼい,12,0,0,1,1,1,1,1
ほっとんど好かれてないんだよなこの人,13,0,0,1,1,1,0,0
ゲスヤロウは死ねよ,4,1,1,1,0,0,0,0
淫夢厨しね,3,0,0,1,0,0,0,1
音程ずれずれ。もっと原曲聞け,8,0,0,1,0,0,0,0
顔でかすぎｗ,4,0,0,1,0,0,0,0
ごみ,1,1,1,1,0,0,0,0
この人でなし！,3,0,0,1,0,0,0,0
ディズニーバカ,2,1,1,1,0,0,0,0
主コメ二次元とか何言ってんの？ちゃんと歌詞聴いて考えてから歌えks,20,1,1,1,0,1,0,0
しかも下手,2,1,1,1,0,1,0,0
シーモアうぜえ,4,0,1,1,0,0,0,0
ﾋﾞｯﾁ４ね,3,0,0,1,0,0,0,0
頭固すぎワッカ,4,0,0,1,0,0,0,0
募金かよ,3,0,0,1,0,0,0,0
ワッカうぜぇわ,4,0,1,1,0,0,0,0
やっぱ女ってｋｚだわ,6,0,0,1,1,1,0,0
宗教ズうぜえな,6,0,1,1,0,0,0,0
自分で考えることもできないのかこのカブトムシ,11,0,0,1,1,1,0,0
こいつら顔一緒じゃん,5,1,1,1,0,1,0,0
ワッカ４ね,3,0,0,1,0,0,0,0
やっぱり女は屑,4,0,0,1,0,0,0,0
ネタに決まってんだろ,6,0,0,1,1,1,0,0
帰って、どうぞ,4,0,0,1,0,1,0,0
ワッカ死ね,2,1,1,1,0,0,0,0
うっさ,2,0,0,1,0,0,0,0
ここ地味に長いから嫌い,6,0,0,1,0,0,0,0
アーロンざっこ,2,1,1,1,0,0,0,0
腹から声出せ,4,0,0,1,0,0,0,0
キマリはgm,3,0,0,1,0,0,0,0
強打がやかましいな,4,0,0,1,0,0,0,0
手キモｗ,3,1,1,1,0,0,0,0
視線なんて見えねーだろ,5,0,0,1,2,1,0,0
だれだおまえは,4,0,0,1,0,0,0,0
声が小さいね 再投稿願います,9,0,0,1,0,0,0,0
きめえ,2,0,0,1,0,0,0,0
負け犬の遠吠えじゃんｗ,5,0,0,1,0,1,0,0
もうちょい練習しようか,5,0,0,1,0,0,0,0
よわｗｗｗ,2,1,1,1,0,0,0,0
アブ４ね,3,0,0,1,0,0,0,0
クソガキ、クソガキを語るクソガキにクソガキを語る,14,8,1,1,0,0,0,0
どんだけ時間かかってんだよ,8,0,0,1,1,1,0,0
ワッカうぜぇ,4,0,1,1,0,0,0,0
こえきも,3,0,1,1,0,0,0,0
偽物めっ,3,1,1,1,0,0,0,0
は？,2,0,0,1,0,0,0,0
これきらい,2,0,0,1,0,0,0,0
アバターやめろ,2,1,1,1,0,0,0,0
ここだいきらい,3,0,0,1,0,0,0,0
安物すぎィ！,4,0,0,1,0,0,0,1
きたない,1,1,1,1,0,1,0,0
うーん微妙,2,0,0,1,0,0,0,0
きめーな,3,0,0,1,0,0,0,0
プレイ動画ならちゃんとタグつけて,7,0,0,1,0,0,0,0
ぶっさいくｗ,4,0,1,1,0,0,0,0
馬鹿でブスばっか調子のりすぎ,7,2,1,1,1,1,0,0
だせえ,2,0,0,1,0,0,0,0
ぶっさ,2,0,1,1,0,0,0,0
よえええ,3,0,0,1,0,0,0,0
そんな事お前が決めんなよヴォケナス,8,0,0,1,0,0,0,0
エンコもまともに出来ないクソムシは動画あげんなよ,12,0,1,1,1,1,0,0
ゴミ動画,2,1,1,1,0,0,0,0
こいつ死ぬべき,3,1,1,1,0,0,0,0
彼女すらいない人間からすれば死んでもらいたい,12,0,0,1,1,1,0,0
恥ずかしく無いのかよ,5,0,0,1,1,1,0,0
や～い、乗っ取られてやんの,9,0,0,1,0,0,0,0
噛みすぎわろろ,3,0,0,1,0,0,0,0
きっめえ,3,0,0,1,0,0,0,0
下手すぎw,3,1,1,1,0,0,0,0
捨てゲーするならイベやるなゴミ！,9,1,1,1,0,0,0,0
へたくそが！,3,0,1,1,0,0,0,0
おもしろくない,2,0,1,1,1,1,0,1
きもい,3,0,1,1,0,0,0,0
死刑,1,0,0,1,0,0,0,0
下手,1,1,1,1,0,0,0,0
きもい・・・,6,0,1,1,0,0,0,0
お前は年がら年中頭がおかしい,6,0,0,1,0,0,0,0
きもすぎわろたｗｗｗ,4,0,1,1,0,0,0,0
髪型きしょい,2,0,0,1,0,0,0,0
うるせえよカタカタ先輩,5,0,1,1,0,0,0,0
馬鹿野郎,2,2,1,1,0,0,0,0
うるせーな,4,0,1,1,0,0,0,0
くだらないコメントが上がるのはあなた自身の問題だと思いますよ～,16,0,0,1,0,1,0,0
お前が４ねやカス,6,1,1,1,0,0,0,0
こいつほんまうざい,4,1,1,1,0,0,0,0
もうさ、死ねば,5,1,1,1,0,0,0,0
こんなクズ相手すんなよｗｗ,8,1,1,1,0,0,0,0
主確かにキモい,5,1,1,1,0,0,0,0
こいつキモいー,4,2,1,1,0,0,0,0
赤字ってうざいやつしかいないな,4,0,1,1,1,1,0,0
きもいいいいいいい,6,0,1,1,0,0,3,1
気持ち悪い,2,0,1,1,0,0,0,0
佐川はマジで死んで欲しい,7,0,0,1,0,0,0,0
誤字ワロタｗｗ,4,0,0,1,0,0,0,0
へたくそ,1,0,1,1,0,0,0,0
へたくそやめてまえ,5,0,1,1,0,0,0,0
こんなふうにやるならやらないほうがまし,10,0,0,1,1,1,0,0
これ連環いらないでしょ,5,0,0,1,1,1,0,0
弓にすればよかたのに,8,0,0,1,1,1,0,0
これで負けんのかよ,6,0,0,1,0,0,0,0
せっかくのアドバイスに聞く耳もたなすぎ,10,0,0,1,0,0,0,0
在日市ね,3,0,0,1,0,0,0,0
池沼タヒね,3,1,1,1,0,0,0,0
熊かわいくないw,4,0,0,1,1,1,0,0
遅いよバカー！,4,0,1,1,0,0,0,0
5分戦だしもっとガツガツ戦った方がいいと思います,15,0,0,1,0,1,1,1
ショットガン以前に立ち回りが酷い…,8,1,1,1,0,0,0,0
うざい,2,0,1,1,0,0,0,0
ほんとに頭わりーな・・・,8,0,0,1,0,0,0,0
うわっきもっ帰るわ,5,0,1,1,0,0,0,0
バカだから,3,1,1,1,0,0,0,0
クズめ,2,1,1,1,0,0,0,0
ざっまあみろ,1,0,0,1,0,0,0,0
可愛そう、てかコーチ死ね！,7,1,1,1,0,0,0,0
連携悪いな,3,0,0,1,0,0,0,0
いきなり誤字かよ,4,0,0,1,0,0,0,0
お互い下手すぎるわ,4,1,1,1,1,1,0,0
これはひどい,3,0,0,1,0,0,0,0
引退しろやくず,4,0,0,1,0,0,0,0
しね,1,0,0,1,0,0,0,0
もう動画あげるな,4,0,0,1,0,0,0,0
下手すぎわろた,4,1,1,1,0,0,0,0
マジで下手くそだな,5,1,1,1,0,1,0,0
相方のこと考えないんだったらやめろ,9,1,1,1,1,1,0,0
周り見てなさすぎ,6,0,0,1,0,0,0,0
質問が下手糞だね,5,1,1,1,0,0,0,0
アホすぎ,2,1,1,1,0,0,0,0
画質が・・・,5,0,0,1,0,0,0,0
おせええええええ,6,0,0,1,0,0,0,0
そらパクリだもん,4,0,0,1,0,0,0,0
は?,2,0,0,1,0,0,0,0
へた,1,0,0,1,0,0,0,0
なんだこのデブ,4,1,1,1,0,0,0,0
うまいんだけど息の切り方が微妙かな,12,0,0,1,1,1,1,1
バカにつける薬はない,6,1,1,1,1,1,0,0
もういい加減男いらねぇからところ構わず出てくんなよ　しね,16,0,0,1,0,0,0,1
きもい,3,0,1,1,0,0,0,0
いちご死んで欲しい,4,0,0,1,0,0,0,0
いちごバカだよね,5,1,1,1,0,0,0,0
きも,2,0,1,1,0,0,0,0
気持ち悪い！,3,0,1,1,0,0,0,0
シネ,1,0,0,1,0,0,0,0
死んで？,3,0,0,1,0,0,0,0
きも,2,0,1,1,0,0,0,0
しね,1,0,0,1,0,0,0,0
気持ち悪い曲,3,0,1,1,0,0,0,0
しかしクソの役にも立ってねえなぁｗ,11,1,1,1,0,1,0,0
どうやっても墓回避できないとかクソゲーすぎる,11,0,1,1,2,1,0,0
馬鹿じゃないのかこんな動画うｐするなんて,11,1,1,1,3,1,0,0
著作権厨に人権はありませーんwww,11,0,0,1,0,0,0,0
著作権厨ざまあwww,6,0,0,1,0,0,0,0
ざまあwwwww,3,0,0,1,0,0,0,0
手首とか弐寺やる資格ねーよ。しねよ,10,0,0,1,0,0,0,0
引退しろキモオタ,3,0,1,1,0,0,0,0
きめー,2,0,0,1,0,0,0,0
ただの泣き虫,3,0,0,1,0,0,0,0
ざこ確定,2,1,1,1,0,0,0,0
お前人のこと言えたプレイしてないぞ?wwww,13,0,0,1,1,1,0,0
名前きもい不快だった動画消してほしい,11,0,1,1,0,0,0,0
ez8下手すぎ,4,1,1,1,0,0,0,0
下手そしてアバがださい,6,1,1,1,0,0,0,0
さすがにきもいｗｗ,7,0,1,1,0,0,1,1
ほんと下手だな。味方よくがんばってるな。,11,1,1,1,0,1,1,1
これでわからない方がバカなの？W,11,1,1,1,1,1,0,0
見にくんなクズ,4,1,1,1,0,0,0,0
きたない,1,1,1,1,0,1,0,0
下手っつうかなんつうか・・・少し声遅れてる感があるな,18,1,1,1,0,0,0,0
聞こえないし、うまくないし、つまらん,10,0,1,1,2,1,1,1
こえちっせぇんだよざこ,4,0,1,1,0,0,0,0
正直女じゃなかったらだれもみねーぞこの内容,12,0,0,1,1,1,0,0
アスペだろ,2,0,0,1,1,1,0,0
下手ｗｗｗ,2,1,1,1,0,0,0,0
長友と仲良いとか関係ねーよカス,8,1,1,1,0,0,0,1
当たり前じゃねーだろカスｗ,6,1,1,1,2,1,0,0
マジキチ,1,0,1,1,0,0,0,0
音うるせえよ,5,0,1,1,0,0,0,0
バカが,2,1,1,1,0,0,0,0
口悪すぎだろしね,6,0,0,1,1,1,0,0
しこってろホモガキ,4,2,1,1,0,1,0,0
きもぼ,3,0,1,1,0,0,0,0
しこってろハゲ,3,1,1,1,0,1,0,0
きもいよーー,4,0,1,1,0,0,0,0
はげ,1,0,0,1,0,0,0,0
nan,1,0,0,1,0,0,0,0
nan,1,0,0,1,0,0,0,0
nan,1,0,0,1,0,0,0,0
nan,1,0,0,1,0,0,0,0
nan,1,0,0,1,0,0,0,0
nan,1,0,0,1,0,0,0,0
nan,1,0,0,1,0,0,0,0
nan,1,0,0,1,0,0,0,0
nan,1,0,0,1,0,0,0,0
nan,1,0,0,1,0,0,0,0
nan,1,0,0,1,0,0,0,0
nan,1,0,0,1,0,0,0,0
nan,1,0,0,1,0,0,0,0
nan,1,0,0,1,0,0,0,0
nan,1,0,0,1,0,0,0,0
nan,1,0,0,1,0,0,0,0
nan,1,0,0,1,0,0,0,0
nan,1,0,0,1,0,0,0,0
nan,1,0,0,1,0,0,0,0
nan,1,0,0,1,0,0,0,0
nan,1,0,0,1,0,0,0,0
nan,1,0,0,1,0,0,0,0
nan,1,0,0,1,0,0,0,0
nan,1,0,0,1,0,0,0,0
nan,1,0,0,1,0,0,0,0
nan,1,0,0,1,0,0,0,0
nan,1,0,0,1,0,0,0,0
nan,1,0,0,1,0,0,0,0
nan,1,0,0,1,0,0,0,0
nan,1,0,0,1,0,0,0,0
nan,1,0,0,1,0,0,0,0
nan,1,0,0,1,0,0,0,0
nan,1,0,0,1,0,0,0,0
nan,1,0,0,1,0,0,0,0
nan,1,0,0,1,0,0,0,0
nan,1,0,0,1,0,0,0,0
nan,1,0,0,1,0,0,0,0
喋り方と声がキモすぎる,7,1,1,1,1,1,0,0
不快なら見るなよ馬鹿なの？,9,1,1,1,0,0,0,0
カイジみたいな口調だなｗｗ,8,0,0,1,0,1,0,0
つまんね,3,0,1,1,0,0,0,0
まぢうざい,4,0,1,1,0,0,0,0
へたくそ,1,0,1,1,0,0,0,0
ネタ動画としては久しぶりの低レベル,8,0,1,1,1,1,0,0
きったねえ声,5,0,0,1,0,0,0,0
普通にキモイです,4,0,1,1,0,0,1,1
棒読み酷いな,3,1,1,1,0,0,0,0
ナレーターうぜぇ,4,0,1,1,0,0,0,0
死んでしまえ,3,0,0,1,0,0,0,0
つまんねぇ人間は何処行ったっておもしろい事なんてねぇんだよ,15,0,1,1,1,1,0,1
無駄な税金使わすなよバカDQNは・・・,13,3,1,1,0,0,0,0
マジでアホ,3,1,1,1,0,0,0,0
一人声も発言もきもい奴いるな,12,0,1,1,0,0,0,0
クズやろうが,4,1,1,1,0,0,0,0
ゲームへただな・・・・,8,0,0,1,0,1,0,0
いつものキチガイ妄想のあれだよね,9,0,1,1,0,0,0,0
犬ＨＫ，アサヒ、毎日、ＴＢＳ，クズばかり,12,1,1,1,0,0,0,0
みずほ薄汚いババア,3,0,0,1,0,0,0,0
ボケ老人,2,1,1,1,0,0,0,0
じゃあ大臣辞めろ,3,0,1,1,0,1,0,0
国防は仮定の事態に備えるものなんだよ！お前バカか！,17,1,1,1,0,0,0,0
国会議員やめろ,3,1,1,1,0,0,0,0
史上最低のクズ政権,5,2,1,1,0,0,0,0
改めて訊いてもやっぱ基地外,7,0,0,1,0,0,0,0
言い方が回りくどいんだよ屑閣僚が！,10,0,1,1,0,1,0,0
このアホども辞めろーーーー,5,1,1,1,0,0,0,0
だったら閣僚になんなよｋｓ,9,0,0,1,0,0,0,0
ゴミだおまえは,4,1,1,1,0,0,0,0
痴呆じじいしね,4,0,0,1,0,0,0,0
無能すぎる,2,1,1,1,1,1,0,0
くたばれ瑞穂！！,4,0,0,1,0,0,0,0
ほんと左翼とか売国は知能低い,7,0,0,1,0,0,0,0
社民存在価値無し,4,0,0,1,0,0,0,0
最初から言え馬鹿,4,1,1,1,0,0,0,0
嬉しそうに言うなクソ女,7,1,1,1,0,0,0,0
今の内閣って、知能障害なのかな・・・・,15,0,0,1,1,1,0,0
意味が分からない？？オマエも大臣辞めろ！！！,13,0,1,1,1,1,0,0
誰かこいつ刺してよ,6,1,1,1,0,0,0,0
こいつ死ねよ,3,2,1,1,0,0,0,0
馬鹿に投票した奴池沼だろ,8,2,1,1,1,1,0,0
こんな無能な連中が大臣とは・・,10,1,1,1,0,0,0,0
日本語できないなら政党やめろバカ,7,2,1,1,1,1,0,0
なんで死なないの？このくされババア,8,0,0,1,1,1,0,0
お前らクズの方がいらね,8,1,1,1,0,1,0,0
左のゴリラ誰？,5,1,1,1,0,0,0,0
読みとかはそこそこいいのにコメントがキモすぎて台無しだな,14,1,1,1,1,1,1,1
リアルならきめえな,5,0,0,1,0,0,0,0
もう民主主義いらねえな,6,0,0,1,0,0,0,0
民主・・・死ね,5,1,1,1,0,0,0,0
まじクソ政権だろ,4,1,1,1,1,1,0,0
こいつ、馬鹿だな,5,2,1,1,0,1,0,0
だから幾らぐらいかって聞いてるだろカス,9,1,1,1,2,1,0,0
さんすうの能力が無いんだな,9,0,0,1,1,1,0,0
なんでこんなアホな法案が通るん,8,1,1,1,0,0,0,0
頭おかしいのか？？？,7,0,1,1,0,0,0,0
デブ死ね,3,1,1,1,0,0,0,0
まじ、うぜーーーーーーーーー,5,0,1,1,0,0,0,0
お調子者の馬鹿しかいねぇんだろ,10,1,1,1,2,1,0,0
声きもい,4,0,1,1,0,0,0,0
馬鹿野郎、さっさと調べて比較しろ,8,2,1,1,0,0,0,0
意味わからんボケ,4,1,1,1,0,0,0,0
悲惨なチビ,3,0,0,1,0,0,0,0
舌滑が悪い,4,0,0,1,0,0,0,0
こいつら自分の意見はないのかな？,11,1,1,1,1,1,0,0
お前の顔の脂肪を仕分けしろ,8,0,0,1,0,0,0,0
計画性ナシ軍団だからな,7,0,0,1,0,0,0,0
君は馬鹿なの？,6,1,1,1,0,0,0,0
朝鮮人やん,3,0,0,1,0,0,0,0
本物のきち,3,0,0,1,0,0,0,0
こいつ死んだほうがましだな,8,1,1,1,0,1,0,0
関西人のくせにつまんねぇな、しねよ,11,0,1,1,0,0,0,0
こいつは頭がおかしいのか？,8,1,1,1,0,0,0,0
テラオタク,2,0,0,1,0,0,0,0
だれこのきもいやつ,6,0,1,1,0,0,0,0
怖いの？顔出せよカス,6,1,1,1,0,0,0,0
顔隠してる時点でヘタレ,7,0,0,1,0,1,0,0
にわかおつや～じゃねーよきもい,9,0,1,1,1,1,0,0
だれこいつ汚い顔,4,1,1,1,0,0,0,0
だれおまえきもいしねかすわたくし,7,0,1,1,0,0,0,0
歪んだ空間にいる歪んだ人間,8,0,0,1,0,0,0,0
頭悪そうな喋り方だね,8,0,1,1,0,0,0,0
こいつ頭悪いだろ,4,1,1,1,1,1,0,0
口だけだなコイツ,5,0,0,1,1,1,0,0
顔みせねえなら投稿すなカス,8,1,1,1,0,0,0,0
ロリコンキモすぎ,3,2,1,1,0,0,0,0
残念なごみですね,5,1,1,1,0,0,0,0
頭悪いただの馬鹿だね,7,1,1,1,0,0,0,0
頭が悪すぎてかわいそう・・・,9,0,0,1,0,0,0,0
息くさいだろお前,4,0,0,1,1,1,0,0
なかなかきもい,4,0,1,1,0,0,0,0
てめぇみたいなのが入るから日本語だめになるんだよ,14,0,0,1,0,1,0,0
こいつの親可哀想だな,6,1,1,1,0,1,0,0
気色悪い,2,0,0,1,0,0,0,0
ほんと、クズだな,5,1,1,1,0,1,0,0
お前の顔がおもんないぞ,6,0,0,1,0,1,0,0
相当馬鹿だよこの人乙,7,1,1,1,0,0,0,0
自慢すんなカス,4,1,1,1,0,0,0,0
なにこのくず,3,0,0,1,0,0,0,0
ロリコンしね,3,1,1,1,0,0,0,0
へんな面しやがって,6,0,0,1,0,1,0,0
しらねえよ、馬鹿,5,1,1,1,0,0,0,0
くず、きえうせろ,3,0,0,1,0,0,0,0
あほあほあほあほあほ,10,0,1,1,0,0,0,0
頭がよわいな,4,0,1,1,0,0,0,0
お前こそ顔出せやｋｓ,7,0,0,1,0,0,0,0
目は細くて口はタラコです,8,0,0,1,0,0,0,0
現実で嫌われてるもんね♪,8,0,0,1,0,0,0,0
こんなカスが自分の幸せ妄想してかわいそうだな,12,1,1,1,0,1,1,1
え、なにこの子気色悪っ,8,0,0,1,0,0,0,0
あーやばい目が腐る,5,0,0,1,0,0,0,0
しゃべんな耳聞こえなくなる,6,0,0,1,0,0,0,0
顔だせよチキン,3,1,1,1,0,0,0,0
おいマザコン,2,0,1,1,0,0,0,0
語彙力なさすぎワロタ,6,0,0,1,0,0,0,0
こいつは重傷だ中二病の重傷,9,1,1,1,0,0,0,0
高校生だからこんなに頭悪いのか,8,0,1,1,0,0,0,0
糞ガキだからこんなに頭悪いのか納得,10,2,1,1,0,0,0,0
いつ脳みそ中学生なみ,4,0,0,1,0,0,0,0
在日は韓国帰れ,4,0,0,1,0,0,0,0
キモすぎ吐きそう,4,1,1,1,0,0,0,0
おいおいロリだぜこいつ,5,1,1,1,0,0,0,0
ねぇねぇいつ死ぬの？早く自殺実況してよ＾＾,14,0,1,1,0,1,0,0
学校で相当嫌われててボッチなんだろうな・・・,16,0,0,1,1,1,0,0
おたくのしゃべり方やんけ,7,0,0,1,0,0,0,0
しらねーよカス,4,1,1,1,0,0,0,0
コイツ頭悪いねん！,5,0,1,1,0,0,0,0
コイツなんの病気だ！,7,0,0,1,0,0,0,0
顔隠しまくりの口だけ、口も弱いけど！,12,1,1,1,2,1,0,0
金持ち自慢情けないガキのロリータ馬鹿,7,2,1,1,0,1,0,0
画質よりてめぇの方がｋｓだな,9,0,0,1,0,1,0,0
ニコニコ動画なんかに金かけてるやつはあほですね,13,0,1,1,0,0,0,0
うわぁキチガイはいってますね,8,0,1,1,0,1,0,0
きもくて鳥肌たった,6,0,1,1,0,0,0,0
顔出さないとかチキンの証拠,7,1,1,1,1,1,0,0
こいつは世紀のバカ,5,2,1,1,0,0,0,0
エセ金持ち発言おつ,5,0,0,1,0,0,0,0
嘘はてめーだばーか,8,0,0,1,0,0,0,0
消えて,2,0,0,1,0,0,0,0
だまれ無名,2,0,0,1,0,0,0,0
顔も出せないヘタレに言われてもなぁ,12,0,0,1,1,1,0,0
頭悪いから、こんあ放送してるんだよね,13,0,1,1,0,1,0,0
うわっ君口臭いな～,7,0,0,1,0,0,0,0
ロリコンヘタレンゴ,1,0,1,1,0,0,0,0
この人、おバカさんですね,8,1,1,1,0,0,0,0
お前が一番おもんないし気持ちが悪い,8,0,0,1,0,1,0,0
この人おかしいね,4,0,0,1,0,0,0,0
ゲーム馬鹿,2,1,1,1,0,0,0,0
14歳のメスゴリラだろ,6,1,1,1,1,1,0,0
このガイジの動画結構伸びとるやん,8,1,1,1,0,0,0,0
腐れニートがでしゃばるんじゃねえ,7,0,0,1,1,1,0,0
キモオタ確定だな,4,0,1,1,0,1,0,0
こいつほんとカスな,4,2,1,1,0,0,0,0
基地外だな・・,6,0,0,1,0,1,0,0
こんなんが国家戦略大臣かよ,8,0,0,1,0,0,0,0
自殺すればいいのに,5,0,1,1,1,1,1,1
まじでウザイ,3,0,1,1,0,0,0,0
老害 of 老害,5,0,0,1,0,0,0,0
こんなに頭悪い奴が政権の中枢です,9,0,1,1,0,0,0,0
赤松死んでくれ,4,0,0,1,0,0,0,0
もういいから国に帰れよ,7,0,0,1,0,0,1,1
相手が下手すぎる,4,1,1,1,1,1,0,0
ロリババア,1,0,0,1,0,0,0,0
冗談ぬきで本気でこの腕前かい？よく出せるな,12,0,0,1,0,0,1,1
88以外出撃するなカス,6,1,1,1,0,0,0,0
最悪だな、砂で負担かけてて、散弾って,13,0,0,1,1,1,0,0
普段絶対いわないけど・・・才能なし！,11,0,0,1,2,1,0,0
誰も当たんないよ、下手糞,7,1,1,1,1,1,0,0
お前みんなに金返せよ,6,0,0,1,0,0,0,0
土下座動画上げろ！！！,6,0,0,1,0,0,0,0
目の前にいたら絶対ぶん殴ってやる,10,0,0,1,0,1,0,0
こいつはほんとに日本人なの？,7,1,1,1,0,0,0,0
生かしておけないレベルの人種,7,0,0,1,2,1,0,0
フェミニストを提唱するババァに善人はいない,10,0,0,1,1,1,0,0
くっせえええ,3,0,0,1,0,0,0,0
社会主義者のババアはショートカットが多いな,10,0,0,1,0,0,0,0
マジできもいな,4,0,1,1,0,0,0,0
9分もかかって何言ってんだコイツ？,12,0,0,1,0,1,0,0
おまえらがいなくなれば日本はよくなるとおもうよ,14,0,0,1,0,0,1,1
語録が少ない死ね,4,1,1,1,0,1,0,0
きたねえBGMだなあ,7,0,0,1,0,1,0,0
このババアまだ生きてたのか,8,0,0,1,0,0,0,0
マジでナチス以下だな。内政すらうまくない,11,0,0,1,1,1,1,1
黙れよクズが,4,2,1,1,0,0,0,0
民主は人間のクズばかり,6,1,1,1,0,0,0,0
アホ山総理,3,1,1,1,0,0,0,0
このばばぁ　頭おかしいな,7,0,1,1,0,0,0,0
人間としての知性が皆無だな,8,0,0,1,0,1,0,0
なにやってんだあいつら・・,9,0,0,2,0,1,0,0
ちょっと薬物キメ過ぎなんとちゃう？,7,0,0,2,0,0,0,0
初代の方が全然面白い,6,0,0,2,0,1,1,1
聞こえん,2,0,0,2,0,0,0,0
練習動画かな？,5,0,0,2,0,1,0,0
←ホームレスみたいなのがオシャレ(笑),10,0,0,2,0,1,1,1
このアホ視点は叩かないで他のいい感じの視点にはでっかい口で叩くんだなくそ脳内元帥どもは,28,2,1,2,1,1,1,1
図書館に書籍寄付してもお礼もなかったですしね。,15,0,0,2,0,1,1,1
夢の無い台や,5,0,0,2,1,1,1,1
相手の手札見ながらは流石になぁ…,10,0,0,2,0,1,1,1
糞真面目な人間が損する…夜神総一郎かな？,13,1,1,2,1,1,2,1
こいつ大丈夫か？って思ってきました,10,1,1,2,1,1,1,1
俺上手いアピールしてるガキは何なの？動画上げろよ,14,1,1,2,0,1,1,1
名前の分別ついてなさすぎやない？大丈夫？,13,0,0,2,1,1,1,1
当時幼稚園児には難しすぎた,8,0,0,2,0,1,0,0
wikiの寄生虫のくせになにいってだ,10,0,0,2,0,1,0,0
テンプレ行動しかしねえな,7,0,0,2,1,1,0,0
意外とおもろいで,3,0,0,2,1,1,1,1
音もひどいしプレイも酷い良いのは声だけ,12,1,1,2,1,1,1,1
小学生レベル,2,0,0,2,1,1,0,0
カマキリが編集してるんやろ,7,0,0,2,0,1,0,0
なにやってんだあいつら…,8,0,0,2,0,1,0,0
岸本が影響受けた大友とかメビウスとかの方をまず見てから判断した方が良いと思うんだよな,28,0,0,2,0,1,1,1
だめだこいつ（確信),6,1,1,2,0,0,0,0
戦闘民族だからね、仕方ないね,9,0,0,2,1,1,0,0
考察になると何のコメントも出来なくなる未プレイ勢好き,15,0,0,2,0,1,1,1
こいつやばいな,3,1,1,2,0,0,0,0
こんなん完全にチャテロ,5,0,0,2,0,0,0,0
普通の人からしたらいい人達よね,10,0,0,2,0,1,2,1
精神崩壊かな？,5,0,0,2,0,1,0,1
多分動画としてあまり意識してないんだろな,11,0,0,2,2,1,0,0
ほかのプレイヤーに迷惑をかける形でのルーニープレイとはどういうものかっていう好例　ムカつくとこも含めて,25,0,0,2,1,1,1,1
さよなら国産,2,0,0,2,0,0,0,0
バケゆかはどうせちょっと（数百時間）練習しただけだろ,15,0,0,2,2,1,0,0
ANさぁはいろいろ裏で手を回してそう,11,0,0,2,0,0,0,0
ネオン輝く方かな？,6,0,0,2,0,1,0,0
初見実況に上手いだの下手だのってコメ恥ずかしくないの？,15,1,1,2,2,1,1,1
元気のいいお子さんでいらっしゃいますね,8,0,0,2,0,1,2,1
いっつも行動を要求されるのは操作キャラ,10,0,0,2,0,0,0,0
思い出にしがみつく…お嬢の言葉かな？,11,0,0,2,0,1,0,0
微妙なピンク色だなぁ,5,0,0,2,0,1,0,0
こいつ作る努力をわかった気になってるだけのサルゥなんだよなぁ,18,1,1,2,1,1,0,0
風景画だな。キャラがいる意味がない,11,0,0,2,1,1,0,0
遅くてもいいじゃない人間だものー,10,0,0,2,2,1,1,1
みゆきちゃん天然かな？,6,0,0,2,0,1,0,0
模倣かな？,4,0,0,2,0,1,0,0
なんやこの構図の連続......,7,0,0,2,0,0,0,0
関西人はタダに弱いからね,8,1,1,2,0,0,0,0
ほんと継続だけは強い,5,0,0,2,1,1,1,1
その「格安sim」のラスト1マイルインフラはどこが持ってるんだ?ということを考えて言おうね。,27,0,0,2,1,1,0,1
精神崩壊かな？,5,0,0,2,0,1,0,1
お前がヤれるわけない　愛想笑いで終了,11,0,0,2,1,1,1,1
流石に編集雑だわ,6,1,1,2,0,1,1,1
ドニーのくせにサモみたいな見た目してんなお前な,13,0,0,2,0,0,0,0
単発動画かな？,5,0,0,2,0,1,0,0
プラクティスかな？,4,0,0,2,0,1,0,0
学校の先生ってすごい,5,0,0,2,1,1,1,1
錬金釜「このデブ何なんだよ邪魔くせえな」,15,1,1,2,0,0,0,0
動画撮ることにも素人なんだろ察したれ,11,0,0,2,1,1,0,0
小学生がいるな・・・,7,0,0,2,0,0,0,0
自分の方がうまいというそんな玄人さんは見なくていいんだぜ？,18,0,0,2,1,1,2,1
己が魔羅で尻をするということわざがあってな,13,0,0,2,1,1,0,0
セーフガードの職員かな？（ＢＬＡＭＥ！並感）,13,0,0,2,0,1,0,0
カメラマンのせいでしょ!？違うかな！,9,0,0,2,0,0,0,0
もう動画あげないんですかね？v・。・v,14,0,0,2,1,1,0,0
そりゃただ勝つだけなら凡人だろう,8,0,0,2,2,1,1,1
これＮＡＱさんのひき弱いんだよね？実際は当たるよね？,17,1,1,2,0,0,0,0
これはガバガバですわ,5,0,0,2,0,0,0,0
これは一人プレイですか,7,0,0,2,0,1,0,0
幸せそうでなにより,5,0,0,2,0,0,1,1
武器は良いけど本人のレベルが低い的な,11,0,0,2,2,1,1,1
マイクオンかな？,4,0,0,2,0,1,0,0
皆よくこんな奴に従うね,7,0,0,2,0,0,1,1
元気そうで何より,4,0,0,2,1,1,1,1
GJだろ、常識的に考えて,8,0,0,2,1,1,0,0
選択肢にまともなのがないんですがそれは,12,0,0,2,1,1,0,0
関西だとこれが普通だからなぁ・・・,12,0,0,2,0,1,1,1
病院行け！,3,0,0,2,1,1,0,0
一人でレースしてるのかな？,10,0,0,2,0,1,0,0
相手の手札見ながらは流石になぁ………,12,0,0,2,0,1,1,1
ブレイクコアかな？,4,0,0,2,0,1,0,0
1番難しい(小学校の理科レベル),9,0,0,2,1,1,0,0
だから暇なんだろうな,7,0,0,2,1,1,0,0
糞真面目な奴が一番損するってそれ一,10,1,1,2,2,1,1,1
死にたがりか,4,0,0,2,0,0,0,0
何も買わずにイートインコーナーを利用できる人って、すごいよね。 きっと、大らかに育ててもらったんだね。,31,0,0,2,1,1,1,1
売名してこの再生数、さすがっす＾＾,11,0,0,2,0,1,1,1
さっきなんのスイッチだろって言ってたくせに,11,0,0,2,2,1,0,0
殺人者にも愛情深いですよ。,9,0,1,2,0,1,1,1
ファン、空気読め,4,0,0,2,0,1,1,1
いつものさくや,4,0,0,2,0,0,0,0
どうせサーベルなんぞつかわん,5,0,0,2,0,0,0,0
だれでもよけられそうｗｗｗ,7,0,0,2,0,0,0,0
暗殺者っていっても、どこぞの伝説の暗殺者()みたいなものいるしなぁ,20,0,1,2,1,1,0,0
最近並ぶ事皆無になったからこれが普通なのか,14,0,0,2,0,0,1,1
白羽の矢は刺さるものではなく立つ物じゃ。歴史より先に日本語の勉強が必要なのじゃ,25,0,0,2,2,1,0,0
自称日系,2,0,0,2,1,1,0,0
お前らが生きてること自体ミスみたいなもんなのによく人のミス叩けるな,19,0,0,2,1,1,1,1
ゆってないから滲み出るくっそ哀れな知能指数恥ずかしくないんか？,16,0,0,2,2,1,0,0
初心者なんだろ（適当）,7,0,0,2,1,1,0,0
下手なUTAUよりも歌詞が聞き取れる,8,1,1,2,0,0,0,0
服前回とおなじだけどオシャレだね,9,0,0,2,1,1,1,1
掛け声いらんわ,4,0,0,2,0,0,0,0
←そんなくっさいセリフ言って恥ずかしくないの？,11,0,0,2,1,1,0,0
すげえ店だなｗ,6,0,0,2,0,1,0,1
隠れがちのクソキャラくんオッスオッス,6,0,1,2,0,0,0,0
いい性格してる,4,0,0,2,0,1,1,1
削減するとか言い出した鳩ポッポがおかしいだけのはなし,12,0,0,2,1,1,0,0
さすが先輩,2,0,0,2,0,0,1,1
工場が海外に移転しただけ,8,0,0,2,1,1,0,0
いつもの,2,0,0,2,0,0,0,0
あわよくば有名になりたいとでも思ってんの？,12,0,0,2,1,1,1,1
全部人形劇とでも言う気か？,10,0,0,2,0,0,0,0
 そういえば明智白髪だけど歳なの？,11,0,0,2,1,1,0,0
コロナは日本人の考えを改め、諸外国の考え方を学べる良い教材になりましたね,21,0,0,2,0,1,1,1
さすが進学クラスｗ,4,0,0,2,0,0,1,1
単純でうらやましい,3,0,0,2,0,1,0,1
関係ない実況者の名前出すの寒いなぁ...,11,0,0,2,1,1,0,0
再生数どうされたんですか？事故ですか？,14,0,0,2,0,1,0,0
相手の手札見ながらは流石になぁ・・・,12,0,0,2,0,1,1,1
小学生ですか？,4,0,0,2,0,1,0,0
ファン多くて当然でしょ笑　それに、こんぐらい声かけないとライブにならないよ？？,22,0,0,2,2,1,1,1
中学レベルの知識があればわかるだろうに・・,13,0,0,2,2,1,0,0
内政で興奮する変態のイメージが強いけどそれニコニコのできる夫だわ,17,1,1,2,1,1,2,1
KENのセミナーによく顔出してる奴だろ 全然気持ち良さ伝わらんけど,16,0,0,2,2,1,1,1
薔薇族に失礼,4,0,0,2,0,0,0,0
ファンやば!　←それな,6,0,0,2,0,0,1,1
淫夢もこんなのばっかになったね,9,0,0,2,1,1,0,1
普通に歩く変態,4,1,1,2,0,0,1,1
残念なメイドだなぁ,5,0,0,2,0,1,0,0
ジオングがミニマムサイズの時点でお察し,9,0,0,2,0,0,0,0
高価格の端末を無料かのように契約させるからこうなる,16,0,0,2,0,0,0,0
売名したのに有名になれなかった雑魚ってマジ？,13,1,1,2,2,1,1,1
調べて面白いと思えるわけがないだろこいつらの頭で,14,1,1,2,2,1,1,1
ちょいちょい神格化しすぎな奴いんな,10,0,0,2,0,1,0,1
いつの時代の話なんですかねぇそれ,11,0,0,2,0,1,0,0
画質悪すぎ。初心者かな？,8,0,0,2,0,1,0,0
語彙力,2,0,0,2,0,0,0,0
このシリーズはいくら貰ってやられてるんですか？,13,0,0,2,0,1,0,0
YouTubeみたら喋り方も商材もケンの真似しててワロタ,16,0,0,2,0,0,0,0
あほが・・・・,7,0,1,2,0,0,0,0
聞いてる分にはオシャレだけど実際は・・・,13,0,0,2,1,1,1,1
病院行け,2,0,0,2,1,1,0,0
ここだけはうまいな,5,0,0,2,1,1,1,1
スペックだけは良い,4,0,0,2,1,1,1,1
↑何で？応援してるんだよ？掛け声うるさい　とか　掛け声いらない　とか最低すぎw,23,2,1,2,1,1,1,1
ボイスドラマのくせに一切声使われないとか恥ずかしくないの？,15,0,0,2,2,1,0,0
市場の荒波を掻い潜ってきた企業に民主主義政府はなんもできんよ。企業も国民なんだし,27,0,0,2,0,1,0,0
顔かわった？,4,0,0,2,0,0,0,0
タイムアタックかな？,5,0,0,2,0,1,0,0
うまく並べん幼稚園生みたいww,6,0,0,2,0,1,1,1
意味のないこだわりは捨てたほうが身軽になっていいよ。,16,0,0,2,1,1,2,1
幼稚園だ...,3,0,0,2,0,1,0,0
さっきニキの内番の袖出したときにひっかけたのかな？,17,0,0,2,0,1,0,0
生真面目な人は順路で戻るね,8,0,0,2,0,1,0,1
左端のはイタリア編に出てきた奴らかな？,14,0,0,2,0,1,0,0
演舞かな？,4,0,0,2,0,1,0,0
新鮮すぎる,2,0,0,2,1,1,1,1
ある意味正しい姿ですね,6,0,0,2,0,1,1,1
よく考えるとホモで釣るというのもおかしな話だ,12,1,1,2,1,1,1,1
観光ツアーかな？,5,0,0,2,0,1,0,0
声かけがないと、困ると思うよ？笑,12,0,0,2,1,1,0,0
イケメンなら対応が違うんだろな,8,0,0,2,1,1,1,1
帰国子女かな？,5,0,0,2,0,1,0,1
土下座はまだですか？ありえないおばさま,11,0,0,2,1,1,0,0
ダメンズかな？,4,0,0,2,0,1,0,0
うーん、これはギアーズ幼稚園児ｗ,8,0,0,2,0,1,0,0
幼稚園みたいwww,3,0,0,2,0,1,0,0
容赦ないマジレスといいまわしで草,7,0,0,2,1,1,0,1
貴様何にもしてないくせにｗｗｗｗｗｗ,10,0,0,2,1,1,0,1
消費者に騙して不利益生じさせまくってるのによく言うよ,14,0,0,2,1,1,1,1
アメリカ人の開き直りっぷりは異常,7,0,0,2,0,0,0,0
おもろいのはおもろいんやけどね,8,0,0,2,1,1,2,1
どこが可愛いのか…,6,0,0,2,0,0,0,0
むしろ利用料金値上がったのに還元？,9,0,0,2,1,1,0,0
見た目だけはふさふさやった,6,0,0,2,1,1,0,0
実際詐欺みたいなもんだからええやろ,9,0,0,2,0,0,0,0
ある程度いろんな絵を見ててもらわないと説明してあげることすら出来ないんだよなあ,22,0,0,2,2,1,0,0
韓国みたいな歌だな・・,8,0,0,2,0,1,0,0
で、考える頭無いから爆発オチっていう安直なネタしかでてこない。,18,0,0,2,3,1,0,1
相手の手札見ながらは流石になぁ……,11,0,0,2,0,1,1,1
楽しいけど…,3,0,0,2,1,1,1,1
比較的静かだね,4,0,0,2,0,0,0,0
山椒魚かな？,4,0,0,2,0,1,0,0
逃げるトカゲを騙し討ちのように近付いて倒すのが王の儀式なんですね・・・,23,0,0,2,0,0,0,0
いい服のセンスしてますね,8,0,0,2,0,0,1,1
金田一は子供向けなのかな？,9,0,0,2,0,1,0,0
我慢して持ってたら助かってたのに・・・,13,0,0,2,1,1,0,0
いつものホラー粘着おじさんじゃないか、呆れるなぁ,11,0,0,2,2,1,0,0
だめだこりゃ,3,0,0,2,0,0,0,0
おもしろいのに,2,0,0,2,1,1,0,1
人の作品に頼るのか,7,0,0,2,0,0,0,0
アメリカ国民かな？,5,0,0,2,0,1,0,0
明智が鼻で笑うレベルのトリック,8,0,0,2,1,1,1,1
前奏長いし、ダレてる。再構築っつーかグチャグチャにしただけって感じ,20,0,0,2,2,1,0,0
中には５歳児かな？,8,0,0,2,0,1,0,0
音楽が流れるだけ,4,0,0,2,1,1,0,0
スト子はエンターテイナーだな,6,0,0,2,0,1,0,0
あなたの服のセンスって流行に流されずに個性的ですね。,17,0,0,2,1,1,0,1
声きれいですね,4,0,0,2,0,0,0,0
この人ほんとにクスリやってない？,8,0,0,2,1,1,0,0
これはどちらさんの放送？,7,0,0,2,0,0,0,0
まるで安い怪獣番組でも見ているかのようだった。,15,0,0,2,0,0,0,1
凡百の屑は全員パパパッと殺して…オワリッ！,13,0,1,2,0,0,0,0
犯人の頭がいいことだけは分かった,10,0,0,2,1,1,1,1
はいはいｗ,3,0,0,2,0,0,0,0
掛け声いらん！！！！！,8,0,0,2,0,0,0,0
うみこってクレー射撃とかやって・・・。あ！賃貸物件じゃ所持許可出ないな！,23,0,0,2,2,1,0,0
よくある事自体問題だと思うんですが・・・半島じゃあるまいし・・・,22,0,0,2,1,1,1,1
D．屋上で刃傷沙汰を起こす,8,0,0,2,0,0,0,0
自称名人まじカッコよくないからコメしないでくれw,13,0,1,2,3,1,1,1
ソロプレイかな？,4,0,0,2,0,1,0,0
やめりゃいいじゃんw,4,0,0,2,0,1,1,1
よかったな、お前の思い通りになって...,12,0,0,2,0,1,0,0
動きぎこちないな,4,0,0,2,1,1,0,0
BGMのセンス皆無なのはもこう意識してるん？,14,0,0,2,0,1,0,0
相手の手札見ながらはさすがになぁ……,11,0,0,2,0,0,1,1
相手の手札みながらはさすがになぁ…,10,0,0,2,0,0,1,1
お金でももらってんの？,7,0,0,2,0,1,0,0
IQ50くらいしかなさそう,7,0,0,2,1,1,1,1
弱いだけの人間に魅力があるとでも？,11,1,1,2,1,1,1,1
どこも置いてなさそうな台だな,11,0,0,2,0,1,0,0
日本人だったらいいのにな,6,0,0,2,1,1,1,1
さすが自称バランサー様やで,6,0,0,2,1,1,2,1
ゴッドの前半の暴れっぷりは気持ちよかった,9,0,0,2,0,0,0,0
下手くそ二人が仲良く脱落して僕満足！,11,1,1,2,0,0,0,0
ロリコンレズ野獣先輩姉貴は何色でこめんとしたらいいんですかね？,20,0,1,2,0,1,1,1
無礼者かな？,5,0,0,2,0,1,0,0
あなたのアイデアが認められるなんて、会社の役員も勇気がありますね。,18,0,0,2,1,1,1,1
向こうも弱くはないはずなんだけどなぁ…,12,0,0,2,2,1,0,0
久しぶりにマイリス多い,4,0,0,2,0,0,0,0
主人公だから仕方ない,5,0,0,2,1,1,0,0
いいたいだけだろ,4,0,0,2,2,1,1,1
ここの従業員どうしょうもねぇな,6,0,0,2,0,0,0,0
誰だよとかエアプ丸出しで草　恥ずかしくないの？,13,0,0,2,1,1,0,0
また君かぁ、やめたら？まだ投稿してる人の作品を釣りに使うの,19,1,1,2,0,1,0,0
あなたが時間より遅れてきてくれたからじっくりと考え事ができました。,19,0,0,2,0,0,0,0
臨時休校すれば鎖国もすれば？,9,0,0,2,0,0,0,0
恥を見に来ました,7,0,0,2,0,0,0,0
まぁ、２０歳児さんですし。,9,0,0,2,0,0,0,0
何で皆、文句ばっかりいうの？？あきれるー笑,12,0,0,2,0,1,0,0
今週刊で描いてる人で総合力で凄い人って全然いないな。月刊なら幸村誠とかいるんだけど,27,0,0,2,3,1,1,1
たのしそうだな,4,0,0,2,0,1,1,1
誰でも分かるんだよなぁ･･･,9,0,0,2,0,0,0,0
この前の怪文書と大違いっすね…,10,0,0,2,0,0,0,0
演出はいいんだよなぁ,7,0,0,2,0,0,1,1
お笑い芸人かな?,5,0,0,2,0,0,0,0
マスク２枚ありがとうございます,6,0,0,2,0,0,0,0
口パクやめろ、ちゃんと歌え,6,1,1,2,0,0,0,0
これ勝つ気ねーだろ,5,0,0,2,1,1,1,1
自力でとか普通に倒せたとかいってる人わろす,13,0,0,2,0,1,1,1
まあ普通はアワーグラス20個集めないけどな,11,0,0,2,2,1,1,1
いや、ノーマルなら普通にいけない？,9,0,0,2,1,1,1,1
菅野ジャズ嫌いなのにね,6,0,0,2,1,1,0,0
手拍子が自分も他人も聴くことに邪魔になってることに気づいてくれ･･･頼むから･･･,22,0,0,2,0,1,0,0
ジャズきらいなくせにコレって,7,0,0,2,1,1,0,0
ミュージシャンにとって、ライブ中に素人に手拍子されると、本当に困る,15,0,0,2,0,1,0,0
これは、JAZZじゃない。劇中はJAZZ多いけど。,14,0,0,2,3,1,0,0
踊りじゃねーって、ゆとりはこれだから・・・,13,0,0,2,2,1,0,0
手拍子ごときにぐだぐだ言う奴はプロでは無いなｗ,13,0,0,2,1,1,0,0
手拍子されると嬉しいけど邪魔,7,0,0,2,1,1,0,0
どっちも原作知ってる必要あるからのびないんだろうな～,15,0,0,2,2,1,0,0
これはいいなｗｗ,6,0,0,2,0,0,1,1
最後は好き,3,0,0,2,0,0,1,1
黒コメはもうちょっとストーカーっぽい黒さの方が楽しいな。怖いけど愛がある、みたいな。,24,0,0,2,1,1,1,1
評価はされていると思うが 如何せんジェネレーションギャップが･･･,14,0,0,2,0,0,0,0
画質が低いのがちょっとつらい,7,0,0,2,0,0,0,0
元の歌詞がわかればもっと楽しめるかも,9,0,0,2,0,0,0,0
これは微妙だろ　どっちも好きだけど,10,0,0,2,2,1,1,1
大体命命っていうけどさ…そういう言い方も実質責任逃れなんだよな。只単に命があって何？無理やり生かされてて何？,35,0,0,2,2,1,0,0
生きてる証って何？心だろ？大事なのは心じゃないのか？否応無しの生き様だの根拠無いハッピーエンド像だのンな事で命が語れるか,39,0,0,2,5,1,1,1
今の開発費と3Dに偏ったゲームより断然いいよなぁ,16,0,0,2,0,0,1,1
FFの展開とほぼ同じじゃん,7,0,0,2,0,1,0,0
強くてﾆｭｰあるから全部見るの楽だろ,10,0,0,2,1,1,0,0
BGM無しで撮った後別の動画の音声と合成編集してるね、仲間既に全滅済み,22,0,0,2,0,1,0,0
まだイージーとか言ってるやつが居るのか,10,0,0,2,0,1,0,0
画質がな～,4,0,0,2,0,0,0,0
可愛いのはわかるが、結局何がどうなんだ？,14,0,0,2,0,0,0,0
確かにやよいっぽくない,5,0,0,2,1,1,0,0
おいおい、英語の歌詞ぐらいくちんと歌っるようになってからやれよ。ギター兄ちゃんはこれだからいかん。,27,0,0,2,0,1,0,0
これは美しい,3,0,0,2,0,0,0,0
映像より音楽のがすごいと思う,8,0,0,2,0,0,1,1
無理やり綺麗にまとめるなよ,6,0,0,2,0,0,0,0
この手の出で完結してるのは珍しい,11,0,0,2,0,1,0,0
いやー良くまとまってるよ,5,0,0,2,0,1,0,0
かっこいいのか！？？,6,0,0,2,0,0,0,1
・・・・・・・・あれ、要するにドラえもんたちのせい？,16,0,0,2,0,0,0,0
いちいち元ネタ教えてくれなくてもいいよ,11,0,0,2,0,0,1,1
いい画像ですね,4,0,0,2,0,0,1,1
俺死にたくなってきた･･･,8,0,0,2,0,1,0,0
みんなおかしいよ、俺は癒されるよ,9,0,0,2,0,0,0,0
なぜfullもこのテンポでいかなかったのか,11,0,0,2,0,0,0,0
すごく・・・最後に相応しいです,8,0,0,2,0,0,0,0
今やればもう少し流行ってたかもなあ・・・,12,0,0,2,0,1,0,0
俺はスゲー好きだったんだけど周りのやつはなんかダメだって言われたわ,20,0,0,2,1,1,1,1
俺も友達に同じこと言われたわ･･･,11,0,0,2,0,0,0,0
好きだったんだけどグダグダだったんだよなあ,13,0,0,2,1,1,1,1
ヘテロダインは自然災害扱いだしナァ　スパロボでとほしいけど出てほしくない二律反正,22,0,0,2,2,1,0,0
小学生のときは、良さがイマイチわからなかったな,13,0,0,2,0,0,0,1
OPだけだと普通に強そうなんだよな,13,0,0,2,1,1,1,1
このちょっとくどいキャラデザが好き,6,1,1,2,0,0,1,1
最弱で最高のスーパーロボットやんけ！,10,0,0,2,0,0,0,0
装甲値200というボスボロットよりも薄い装甲,9,0,0,2,1,1,0,0
日本にまだ夢と希望があった時代だな・・,14,0,0,2,0,1,1,1
この作品だけはうすたに通ずるものがあるな・・・,15,0,0,2,1,1,0,0
聖杯取ったら良いのにｗ,7,0,0,2,1,1,1,1
あら勿体無い,3,0,0,2,1,1,0,0
主頑張ろうよ…,5,0,0,2,0,0,0,0
コメントした人恥ずかしいだろうなぁｗ,9,0,0,2,1,1,0,0
人に聞くばっかりで、自分で調べる努力をしない奴は解らんだろうな,19,0,0,2,2,1,0,0
嫉妬コメ乙,3,0,0,2,0,0,0,0
歌うまいんだからマイク買って編集してあげたほうがいい,16,0,0,2,0,1,2,1
やってても儀礼的なことだけだろうなぁｗ,13,0,0,2,2,1,0,0
まぁ・・・ねぇ,5,0,0,2,0,0,0,0
あたりまえだろｗｗｗｗ,3,0,0,2,1,1,0,0
普通に自動車化歩兵でいいだろｗｗｗ,9,0,0,2,1,1,2,1
そう言ってると後からうるさくなるぞ,9,0,0,2,0,1,0,0
当り前である,3,0,0,2,0,0,0,0
情報はないんだなこれが,8,0,0,2,1,1,0,0
当たり前だw,3,0,0,2,0,0,0,0
ですよねｗ,4,0,0,2,0,1,0,0
そりゃそうだろｗｗｗ,4,0,0,2,1,1,0,0
おまえのせいだろｗｗｗｗ,5,0,0,2,1,1,0,0
どうがんばっても死ぬ,5,0,0,2,0,1,0,0
やると思ったw,5,0,0,2,0,0,0,0
折られてなくても負けだったとお思うけどなｗ,15,0,0,2,1,1,0,0
誰もこないｗｗｗｗｗｗｗｗｗｗｗｗｗ,5,0,0,2,1,1,0,0
おせえよｗｗｗｗｗｗ,3,0,0,2,0,0,0,0
防衛やる気なさすぎｗ,6,0,0,2,0,0,0,0
もっと前にでていいんじゃね,9,0,0,2,1,1,1,1
声はいいよ、音程がんばれ,7,0,0,2,0,0,1,1
時間稼ぎするんだぞ？,7,0,0,2,0,0,0,0
気を引き締めていけよーw,7,0,0,2,0,0,0,0
オタク特有の腐ってる性格恥ずかしくないの？(嘲笑),13,0,0,2,1,1,0,0
見てませんよ～ｗｗ,8,0,0,2,0,0,0,0
スクゴリ使ってんの初めて見たwwww,9,0,0,2,0,1,0,0
サビが残念かな,5,0,0,2,0,0,0,0
嫌われてんじゃね？,6,0,0,2,0,1,0,0
やる気だしすぎｗｗｗ,4,0,0,2,0,1,0,0
焦りすぎやw,4,0,0,2,0,0,0,0
これはわざとか？,5,0,0,2,0,0,0,0
せっかく殺し間使うんだから、鉄砲にもう少しコスト割いたら？,15,0,1,2,0,0,0,0
そんな装備で大丈夫か？,6,0,0,2,0,1,1,1
罵倒する言葉が中学生wwwwww,6,0,0,2,0,0,0,0
お前は小学生だけどなwwwwww,7,0,0,2,1,1,0,0
すぐ怒るのは精神が弱すぎだ,9,0,1,2,0,0,0,1
どうせ溢れる,2,0,0,2,0,0,0,0
まぁ逃げられないよな,6,0,0,2,1,1,0,0
クソワロタ(真顔),4,0,1,2,0,0,0,0
まだ続けてらしたのですね,8,0,0,2,0,0,0,0
さすがチンパン,3,0,0,2,0,0,1,1
主は気付いたら一人になってる事多いね,12,0,0,2,0,1,0,0
主さんよくテンション保つなぁ,6,0,0,2,0,0,1,1
やめろとかw何様だよww,7,1,1,2,0,0,0,1
さっきのでもわかったけどね,7,0,0,2,1,1,0,0
それが問題だろ自覚ないのか,8,0,0,2,2,1,0,0
それ言うから伸びんのだよ,7,0,0,2,0,0,0,0
まぁ普通そう思うよねｗ,7,0,0,2,0,0,1,1
提督は帰って、どうぞ,6,0,0,2,0,1,0,0
まぁだいたいあってるよ,5,0,0,2,0,1,0,0
ビビりすぎw,3,0,0,2,0,0,0,0
どっか見どころあったか？,6,0,0,2,0,0,0,0
こういう動画を携帯で聞く人いないでしょ,10,0,0,2,1,1,0,0
見事な蹲踞ｗ,4,0,0,2,0,0,0,0
作れないのでなく作りませんか・・・,12,0,0,2,1,1,0,0
ワンフェスでは人気者だったダヨちゃん。,10,0,0,2,0,0,0,0
まー飛べてるだけまだいいよ,8,0,0,2,1,1,1,1
さすがにもうちょいエイム力上げようか,8,0,0,2,0,0,1,1
初心者に防衛側はキツイな,7,0,0,2,0,0,0,0
君の視界はどうなってるの？,9,0,0,2,0,1,0,0
これ恥ずかしくないの？,5,0,0,2,1,1,0,0
酔っ払いかな？,4,0,0,2,0,1,0,0
声が合ってないという不思議w,8,0,0,2,2,1,0,0
早送りなのに運転荒いとかわかるのか,9,0,0,2,1,1,0,0
盗賊ギルドを裏切った奴は英雄ですね解りますｗ,13,0,0,2,0,0,0,0
ごめーーんわざとなの,7,0,0,2,0,0,0,0
やらされてる法曹ほどつまらんものはないな,11,0,1,2,1,1,0,0
誰でもわかるｗ,5,0,0,2,0,0,0,0
nan,1,0,0,2,0,0,0,0
nan,1,0,0,2,0,0,0,0
nan,1,0,0,2,0,0,0,0
nan,1,0,0,2,0,0,0,0
nan,1,0,0,2,0,0,0,0
nan,1,0,0,2,0,0,0,0
nan,1,0,0,2,0,0,0,0
nan,1,0,0,2,0,0,0,0
nan,1,0,0,2,0,0,0,0
nan,1,0,0,2,0,0,0,0
nan,1,0,0,2,0,0,0,0
nan,1,0,0,2,0,0,0,0
nan,1,0,0,2,0,0,0,0
nan,1,0,0,2,0,0,0,0
nan,1,0,0,2,0,0,0,0
nan,1,0,0,2,0,0,0,0
nan,1,0,0,2,0,0,0,0
nan,1,0,0,2,0,0,0,0
nan,1,0,0,2,0,0,0,0
nan,1,0,0,2,0,0,0,0
nan,1,0,0,2,0,0,0,0
nan,1,0,0,2,0,0,0,0
nan,1,0,0,2,0,0,0,0
nan,1,0,0,2,0,0,0,0
nan,1,0,0,2,0,0,0,0
nan,1,0,0,2,0,0,0,0
nan,1,0,0,2,0,0,0,0
nan,1,0,0,2,0,0,0,0
nan,1,0,0,2,0,0,0,0
nan,1,0,0,2,0,0,0,0
nan,1,0,0,2,0,0,0,0
nan,1,0,0,2,0,0,0,0
nan,1,0,0,2,0,0,0,0
nan,1,0,0,2,0,0,0,0
nan,1,0,0,2,0,0,0,0
nan,1,0,0,2,0,0,0,0
nan,1,0,0,2,0,0,0,0
nan,1,0,0,2,0,0,0,0
nan,1,0,0,2,0,0,0,0
nan,1,0,0,2,0,0,0,0
nan,1,0,0,2,0,0,0,0
nan,1,0,0,2,0,0,0,0
nan,1,0,0,2,0,0,0,0
nan,1,0,0,2,0,0,0,0
nan,1,0,0,2,0,0,0,0
nan,1,0,0,2,0,0,0,0
nan,1,0,0,2,0,0,0,0
nan,1,0,0,2,0,0,0,0
nan,1,0,0,2,0,0,0,0
nan,1,0,0,2,0,0,0,0
nan,1,0,0,2,0,0,0,0
nan,1,0,0,2,0,0,0,0
nan,1,0,0,2,0,0,0,0
nan,1,0,0,2,0,0,0,0
nan,1,0,0,2,0,0,0,0
nan,1,0,0,2,0,0,0,0
nan,1,0,0,2,0,0,0,0
nan,1,0,0,2,0,0,0,0
nan,1,0,0,2,0,0,0,0
nan,1,0,0,2,0,0,0,0
nan,1,0,0,2,0,0,0,0
nan,1,0,0,2,0,0,0,0
nan,1,0,0,2,0,0,0,0
nan,1,0,0,2,0,0,0,0
nan,1,0,0,2,0,0,0,0
nan,1,0,0,2,0,0,0,0
nan,1,0,0,2,0,0,0,0
nan,1,0,0,2,0,0,0,0
nan,1,0,0,2,0,0,0,0
nan,1,0,0,2,0,0,0,0
nan,1,0,0,2,0,0,0,0
nan,1,0,0,2,0,0,0,0
nan,1,0,0,2,0,0,0,0
nan,1,0,0,2,0,0,0,0
nan,1,0,0,2,0,0,0,0
nan,1,0,0,2,0,0,0,0
nan,1,0,0,2,0,0,0,0
nan,1,0,0,2,0,0,0,0
nan,1,0,0,2,0,0,0,0
nan,1,0,0,2,0,0,0,0
nan,1,0,0,2,0,0,0,0
nan,1,0,0,2,0,0,0,0
nan,1,0,0,2,0,0,0,0
nan,1,0,0,2,0,0,0,0
nan,1,0,0,2,0,0,0,0
nan,1,0,0,2,0,0,0,0
nan,1,0,0,2,0,0,0,0
nan,1,0,0,2,0,0,0,0
nan,1,0,0,2,0,0,0,0
nan,1,0,0,2,0,0,0,0
nan,1,0,0,2,0,0,0,0
nan,1,0,0,2,0,0,0,0
nan,1,0,0,2,0,0,0,0
nan,1,0,0,2,0,0,0,0
nan,1,0,0,2,0,0,0,0
nan,1,0,0,2,0,0,0,0
nan,1,0,0,2,0,0,0,0
nan,1,0,0,2,0,0,0,0
nan,1,0,0,2,0,0,0,0
nan,1,0,0,2,0,0,0,0
nan,1,0,0,2,0,0,0,0
nan,1,0,0,2,0,0,0,0
nan,1,0,0,2,0,0,0,0
nan,1,0,0,2,0,0,0,0
nan,1,0,0,2,0,0,0,0
nan,1,0,0,2,0,0,0,0
nan,1,0,0,2,0,0,0,0
nan,1,0,0,2,0,0,0,0
nan,1,0,0,2,0,0,0,0
nan,1,0,0,2,0,0,0,0
nan,1,0,0,2,0,0,0,0
nan,1,0,0,2,0,0,0,0
nan,1,0,0,2,0,0,0,0
nan,1,0,0,2,0,0,0,0
nan,1,0,0,2,0,0,0,0
nan,1,0,0,2,0,0,0,0
nan,1,0,0,2,0,0,0,0
nan,1,0,0,2,0,0,0,0
nan,1,0,0,2,0,0,0,0
nan,1,0,0,2,0,0,0,0
nan,1,0,0,2,0,0,0,0
nan,1,0,0,2,0,0,0,0
nan,1,0,0,2,0,0,0,0
nan,1,0,0,2,0,0,0,0
nan,1,0,0,2,0,0,0,0
nan,1,0,0,2,0,0,0,0
nan,1,0,0,2,0,0,0,0
nan,1,0,0,2,0,0,0,0
nan,1,0,0,2,0,0,0,0
nan,1,0,0,2,0,0,0,0
nan,1,0,0,2,0,0,0,0
nan,1,0,0,2,0,0,0,0
nan,1,0,0,2,0,0,0,0
nan,1,0,0,2,0,0,0,0
nan,1,0,0,2,0,0,0,0
nan,1,0,0,2,0,0,0,0
nan,1,0,0,2,0,0,0,0
nan,1,0,0,2,0,0,0,0
nan,1,0,0,2,0,0,0,0
nan,1,0,0,2,0,0,0,0
nan,1,0,0,2,0,0,0,0
nan,1,0,0,2,0,0,0,0
nan,1,0,0,2,0,0,0,0
nan,1,0,0,2,0,0,0,0
nan,1,0,0,2,0,0,0,0
nan,1,0,0,2,0,0,0,0
nan,1,0,0,2,0,0,0,0
nan,1,0,0,2,0,0,0,0
nan,1,0,0,2,0,0,0,0
nan,1,0,0,2,0,0,0,0
nan,1,0,0,2,0,0,0,0
nan,1,0,0,2,0,0,0,0
nan,1,0,0,2,0,0,0,0
nan,1,0,0,2,0,0,0,0
nan,1,0,0,2,0,0,0,0
nan,1,0,0,2,0,0,0,0
nan,1,0,0,2,0,0,0,0
nan,1,0,0,2,0,0,0,0
nan,1,0,0,2,0,0,0,0
nan,1,0,0,2,0,0,0,0
nan,1,0,0,2,0,0,0,0
nan,1,0,0,2,0,0,0,0
nan,1,0,0,2,0,0,0,0
nan,1,0,0,2,0,0,0,0
nan,1,0,0,2,0,0,0,0
nan,1,0,0,2,0,0,0,0
nan,1,0,0,2,0,0,0,0
nan,1,0,0,2,0,0,0,0
nan,1,0,0,2,0,0,0,0
nan,1,0,0,2,0,0,0,0
nan,1,0,0,2,0,0,0,0
nan,1,0,0,2,0,0,0,0
nan,1,0,0,2,0,0,0,0
nan,1,0,0,2,0,0,0,0
nan,1,0,0,2,0,0,0,0
ピアノしか上手くないあ,5,0,0,2,2,1,0,0
スタッカート？な歌い方じゃなければなぁ,9,0,0,2,1,1,0,0
OVAだけ、仁王の作画は神だったｗｗ,12,0,0,2,1,1,1,1
最初は主人公らしかったのにね,7,0,0,2,1,1,0,0
ガキさんは優先でやっていこう,9,1,1,2,0,1,0,0
＼さっすがガキさんだぁ!/,9,1,1,2,0,0,0,0
子供はいいとして親がアレだなｗ,10,0,0,2,0,1,1,1
今のドラえもんの何処に面白さを見い出せと？,12,0,0,2,0,0,0,0
声がいい音痴が実在すると知れてよかった,12,0,0,2,0,0,1,1
売国と脱税で有名な総理です。,9,0,0,2,0,0,1,1
どっか強盗でもしてきたような顔,10,0,0,2,0,0,0,0
金だけがとりえの首相,7,0,0,2,1,1,0,0
本当に東大出身なのか？,7,0,0,2,0,0,0,0
苦労しないでも金いっぱいあるからか,10,0,0,2,1,1,0,0
なんで最高裁判所が自分の判決にコメントできないの？,13,0,0,2,1,1,0,0
ＢＧＭはいいのにねえ,5,0,0,2,1,1,1,1
つまらない時間をありがとう,4,1,1,2,0,1,0,0
ホント言い訳ばっかだな・・・一回でお腹いっぱいだよ＾＾,17,0,0,2,1,1,0,0
こんだけ適当プレイでも勝てるんだ,9,0,0,2,0,1,0,0
パッケージだけは立派だな,6,0,0,2,1,1,0,0
これを使うと他の製品がマシに思える,11,0,0,2,0,0,0,0
10連敗もできるってすごいなぁ,7,0,0,2,1,1,1,1
こいつは呼吸するように金を使ってるんだろうな。,15,1,1,2,1,1,0,0
どうぞ刑務所にお帰りください,6,0,1,2,0,0,0,0
サルなみの反省,4,0,0,2,0,0,0,0
サルと同じだよ、こいつの反省は,10,1,1,2,0,0,0,0
今日のへでなし動画はここですか,10,0,0,2,0,1,0,0
こんなリーダーに付いて行けるのは悪人だよ,11,0,0,2,0,0,0,0
その場だけの反省はサルと同じだ,10,0,0,2,1,1,0,0
この委員長、時間稼ぎが酷いわ,9,1,1,2,0,0,0,0
汚い仕事ができる秘書だから、だね,10,0,0,2,0,0,0,0
都合が悪いと記憶喪失になる,8,0,0,2,0,0,0,0
しょうがないよ。脳みそが鳩並みなんだから,12,0,0,2,1,1,0,0
鳥頭っていうんじゃない？ハトなだけに,11,0,0,2,3,1,0,0
脱法なんて脱税王にとっては屁の河童,7,0,0,2,1,1,0,0
犯罪がうまいからだろ,5,0,0,2,1,1,1,1
しかし、鳩山は間抜けな顔してやることはすごいな！,13,0,0,2,0,1,1,1
こんなやつが日本国民の模範たる内閣総理大臣！！！！,15,0,0,2,0,0,0,0
へでなし総理登場,5,0,0,2,0,0,0,0
都合良く忘れるなあ,4,0,0,2,0,0,0,0
不正のプロフェッショナルに任せれば安心と思った,10,0,0,2,0,0,0,1
先生に怒られる小学生,5,0,0,2,0,0,0,0
お母さんに説教されてるバカ息子みたいだ,10,1,1,2,0,0,0,0
これは?先生による先生のお説教ですか?,12,0,0,2,0,1,0,0
息を吐くように嘘をつく,8,0,0,2,0,0,0,0
赤い彗星を超えた黒い土鳩,7,0,0,2,0,0,0,0
ヤバくなると記憶をなくす罪人,8,0,0,2,0,0,0,0
年数百万なんて覚えてられねーよな。億単位で不正してるのに,18,0,0,2,2,1,0,0
都合よく痴呆症,4,0,0,2,0,0,1,1
上杉って日本破壊のスパイだよな,9,0,0,2,1,1,0,0
不正が上手だと信頼していた秘書ですね,13,0,0,2,0,1,0,0
もう脱税が趣味なんだよ,8,0,0,2,0,0,0,0
都合の良い頭だなおい,7,0,0,2,0,1,1,1
自分のお金も管理出来ない総理大臣,9,0,0,2,1,1,0,0
金で買った総理の座,7,0,0,2,0,0,0,0
真空管ラジオ並みの通電の悪さ,9,0,0,2,0,0,0,0
すごいな。間違ってもなってはいけない大人の例だ,15,0,0,2,1,1,1,1
不正の手腕に信頼の置ける秘書,8,0,0,2,0,0,0,0
こんな鳩は世界に一匹,7,0,0,2,0,0,0,0
国会ってみんなで楽しい言い合いをするための遊び道具ってわけだな,16,0,0,2,2,1,1,1
あの仕事ぶりで疲れるわけないじゃん,8,0,0,2,1,1,0,0
ぜひ牢屋でごゆっくり余生を過ごして下さい,10,0,0,2,0,0,0,0
能力が無いのに、高い地位に居るのは不幸ですもんね,15,0,0,2,2,1,0,0
九州人って女の腐ったのみたい,9,0,0,2,1,1,0,0
結局はパチ屋の手先じゃんコイツ,8,0,0,2,0,1,0,0
今は紳士的,4,0,0,2,0,0,0,0
保守はきれいな人多いな,7,0,0,2,0,0,0,0
子供のおもちゃにされてもかまわないと。偉いな,14,0,0,2,1,1,0,0
節約ブームにのってるだけなんだろうな,11,0,0,2,2,1,0,0
原発に関わってるとネジ飛んじゃうのかな？,12,0,0,2,0,1,0,0
節約が趣味なんだろ,6,0,0,2,1,1,0,0
動物の習性って思って諦めるしかないな。,11,0,0,2,3,1,0,0
こんな広い会場使えるって相当有名なんだろうな〜,13,0,0,2,2,1,1,1
下手くそだが楽しそうだなぁ,7,1,1,2,0,1,0,0
忘れたフリ上手ですね,6,0,0,2,0,0,0,0
こんな人でも生きていけるんだな,10,0,0,2,0,1,0,0
都合の悪いことは忘れる便利な脳を持ってます,13,0,0,2,0,1,0,0
言葉だけは立派ですね,6,0,0,2,1,1,0,0
主婦は悩みがなくていいよね,9,0,0,2,0,0,1,1
つまらない情報ありがとう,3,1,1,2,0,1,0,0
スマホがないと勉強が捗るね,8,0,0,2,1,1,0,0
頭だけはいいんだね,7,0,0,2,1,1,1,1
今日だけは豪華だな,6,0,0,2,1,1,0,0
この発想は無かった,5,0,0,0,0,0,0,0
なにこれ綺麗,3,0,0,0,0,0,0,0
ナイス編集,2,0,0,0,0,0,0,0
素晴らしい,1,0,0,0,0,0,0,0
ここすき,2,0,0,0,0,0,0,0
名曲だね,3,0,0,0,0,0,0,0
これ名シーンだよな,6,0,0,0,0,0,0,0
行く手間が省けた,5,0,0,0,0,0,0,0
この開発者ほんとうに殺してえｗｗｗｗ,9,0,1,0,0,0,0,0
おいしそうだな,4,0,0,0,0,1,0,0
よく出来てるなあ,4,0,0,0,0,0,1,1
え、普通にうまいやんｗ,7,0,0,0,0,0,2,1
最後面白いよ,3,0,0,0,0,0,1,1
買って損は無い,5,0,0,0,1,1,0,0
コメント、初め！！,5,0,0,0,0,0,0,0
新コメントはまだかな,6,0,0,0,0,0,0,0
皆うまい,2,0,0,0,0,0,1,1
もっと評価されていいはず,7,0,0,0,0,0,1,1
あまりお勧めできない,5,0,0,0,1,1,0,0
いつも参考にしています,7,0,0,0,0,0,0,0
ありがとうございましたー,5,0,0,0,0,0,0,0
参考になります　おつです,8,0,0,0,0,0,0,0
勉強させてもらいます,6,0,0,0,0,0,0,0
調べりゃすぐに分かる事だけど、実際失敗して覚えるのも悪くないと思う,19,0,0,0,2,1,0,0
良いね、合ってる！,6,0,0,0,0,1,1,1
選曲いいね！,4,0,0,0,0,0,1,1
不安定なのは仕方ないだろプロじゃないんだから。,14,0,0,0,4,1,0,1
私もこういう声だったらなぁ,7,0,0,0,0,0,0,0
これ絶対美味しいよw,5,0,0,0,0,0,0,0
たまにこのパターン仕掛けてくれないかな,9,0,0,0,1,1,0,0
ほうほう,2,0,0,0,0,0,0,0
心地いいな,3,0,0,0,0,0,1,1
よいねぇ,2,0,0,0,0,0,0,0
めっちゃいい・・・,5,0,0,0,0,0,1,1
やさしいうただなあ,4,0,0,0,0,1,0,0
あたたかいなあ,2,0,0,0,0,0,0,0
うぽつー,4,0,0,0,0,0,0,0
ドヤ顔ｗｗｗｗ,3,0,0,0,0,0,0,0
おおっイケメン,2,0,0,0,0,0,1,1
すごいなぁ,2,0,0,0,0,0,1,1
なんかすごい！,3,0,0,0,0,0,1,1
修正しました,4,0,0,0,0,0,0,0
歌詞の文字細目が良いかも,7,0,0,0,0,0,1,1
びっくりしたわｗ,5,0,0,0,0,0,0,0
画像かわいい,2,0,0,0,0,0,0,1
おめでとおおおお,5,0,0,0,0,0,0,0
コメが消えたw,5,0,0,0,0,0,0,0
みとれたんよ,4,0,0,0,0,0,0,0
いってやるなｗｗ,6,0,0,0,0,1,0,0
うぽつです,4,0,0,0,0,0,0,0
色んなテーマがきちゃったな,7,0,0,0,0,0,0,0
すっかり有名人だなｗ,5,0,0,0,0,1,0,1
なんでエアコン切れてるの？,6,0,0,0,0,0,0,0
ちゃんと生命保険かけてるんやな,8,0,0,0,0,0,0,0
母親なんてこんなもんだよな,7,0,0,0,1,1,0,0
そう言う事かぁ,4,0,0,0,0,0,0,0
すげー,2,0,0,0,0,0,0,0
ものすげぇｗ,4,0,0,0,0,0,0,0
大きくなったなー,4,0,0,0,0,0,0,0
今の当てるとかやべぇｗ,8,0,0,0,0,0,0,0
謎の急展開ｗ,5,0,0,0,0,0,0,0
お疲れ様です！,3,0,0,0,0,0,0,1
かつらじゃねーよｗ,5,0,0,0,1,1,0,0
面白いよ,2,0,0,0,0,0,1,1
マジですかｗｗｗ,4,0,0,0,0,1,0,0
ええんやで,4,0,0,0,0,0,0,0
表情いいなぁ・・,5,0,0,0,0,0,1,1
ステージからしてかっこいい,5,0,0,0,0,0,0,1
すごく面白かった,3,0,0,0,0,0,0,0
規則だからね,4,0,0,0,0,0,0,0
きめ台詞,2,0,0,0,0,0,0,0
すげーいい人だねw,7,0,0,0,0,0,1,1
焼肉だと・・・,6,0,0,0,0,1,0,0
いつごろの映像じゃ,5,0,0,0,1,1,0,0
へんゅうｗｗｗ,3,0,0,0,0,0,0,0
すげぇ,2,0,0,0,0,0,0,0
ブロックが反射してるの綺麗だな,9,0,0,0,0,1,0,0
やっぱりお前かww,4,0,0,0,0,0,0,0
おおおおおおおお,4,0,0,0,0,0,0,0
原作知らんけどこれは凄い,7,0,0,0,1,1,1,1
美しい・・・！,5,0,0,0,0,0,0,0
これは伸びる,3,0,0,0,0,0,0,0
このへんがヤバイ,4,0,0,0,0,0,0,0
もうこれオリジナルこえたよ・・・,9,0,0,0,0,0,0,0
酔ってきた,4,0,0,0,0,1,0,0
動きやめろｗｗｗ,3,1,1,0,0,0,0,0
素直に感心するわ・・・,8,0,0,0,0,0,0,0
なんかいるw,3,0,0,0,0,0,0,0
ぱねえＷＷＷＷＷＷＷＷ,2,0,0,0,0,0,0,0
確かに新築っぽいなw,6,0,0,0,0,0,0,0
光沢すごい,2,0,0,0,0,0,1,1
モーションなめらか,3,0,0,0,0,0,0,0
表情細かくていいなぁ,5,0,0,0,0,0,1,1
なんか外国っぽい,3,0,0,0,0,0,0,0
お洒落だなぁ……！,6,0,0,0,0,1,0,0
きれいな声ｗ,4,0,0,0,0,0,0,0
めちゃ好き,3,0,0,0,0,0,1,1
かっこいい！,2,0,0,0,0,0,0,1
ぬるぬる動くよ,3,0,0,0,0,0,0,0
何これすごい！,4,0,0,0,0,0,1,1
地味に怖い,3,0,0,0,0,0,0,0
こいつとか言うなｗ,5,1,1,0,0,0,0,0
サムネｗｗｗ,2,0,0,0,0,0,0,0
ちょい声小さい,3,0,0,0,0,0,0,0
ノリが軽い,3,0,0,0,0,0,0,0
シンクロがやばい！,4,0,0,0,0,0,0,0
感動しました！！,6,0,0,0,0,0,0,0
コレは伸びろ！！,5,0,0,0,0,0,0,0
心が踊る！,4,0,0,0,0,0,0,0
毎回思ってたww,5,0,0,0,0,1,0,0
そういうオチかw,4,0,0,0,0,0,0,0
これはきついw,4,0,0,0,0,0,0,0
しょ、しょうがない,4,0,0,0,1,1,0,0
たどり着いてしまったｗ,5,0,0,0,0,0,0,0
まさかのｗｗｗ,2,0,0,0,0,0,0,0
むむむ・・・,4,0,0,0,0,0,0,0
マジかよ・・・,6,0,0,0,0,0,0,0
よろしくおねがいします,4,0,0,0,0,0,0,0
おつですー,4,0,0,0,0,0,0,0
決まったのかｗｗｗ,5,0,0,0,0,0,0,0
これは面白そうな対戦,6,0,0,0,0,0,0,0
たまんねえ,2,0,0,0,0,0,0,0
楽しみにしてますんで、頑張って！,10,0,0,0,0,1,0,0
実況しないの？,5,0,0,0,1,1,0,0
こけっこー,4,0,0,0,0,0,0,0
この曲いいよなあ,5,0,0,0,0,0,1,1
好きだわー,4,0,0,0,0,0,1,1
どういうこと？,3,0,0,0,0,0,0,0
なんか暗い,2,0,0,0,0,0,0,0
そんなのわかるかよ～,6,0,0,0,0,0,0,0
逆走できるんだw,6,0,0,0,0,0,0,0
ハイリスクでの勝利は嬉しいねぇ,8,0,0,0,0,0,0,0
最高の映画だったぜ！,7,0,0,0,0,0,0,0
なぜ伸びないんだ・・・！！,10,0,0,0,1,1,0,0
見た目がかわいい,3,0,0,0,0,0,0,1
なぜやろうとした,6,0,0,0,0,0,0,0
みんな寝てるw,4,0,0,0,0,0,0,0
せ、先生…,4,0,0,0,0,0,0,0
最強か,2,0,0,0,0,0,0,0
フェイント,1,0,0,0,0,0,0,0
言い方w,2,0,0,0,0,0,0,0
馬鹿でかい,3,1,1,0,0,0,0,0
神曲じゃねーか,5,0,0,0,1,1,1,1
プリズム面白かったわ,4,0,0,0,0,0,0,0
神だあ,3,0,0,0,0,0,1,1
歌がシリアス,3,0,0,0,0,0,0,0
意味が深いｗｗｗ,4,0,0,0,0,0,0,0
上手いな。,3,0,0,0,0,0,1,1
もっと評価されてもいいと思う,9,0,0,0,0,0,1,1
これは嬉しい,3,0,0,0,0,0,0,0
結構面白そうなんだがｗ,8,0,0,0,0,0,0,0
シュールだなぁw,4,0,0,0,0,1,0,0
新感覚すぎるwwwww,4,0,0,0,1,1,0,0
お疲れ様でした,3,0,0,0,0,0,0,1
かわええええ,5,0,0,0,0,0,0,0
キャラはまりすぎｗｗｗ,4,0,0,0,0,0,0,0
ほんとにやってそうｗｗ,6,0,0,0,0,1,0,0
あなた様の絵大好きです,6,0,0,0,0,0,1,1
よいしょおおお,2,0,0,0,0,0,0,0
草しか生えない,4,0,0,0,2,1,0,0
いやがらせｗ,2,0,0,0,0,0,0,0
黒いｗｗｗ,2,0,0,0,0,0,0,0
いつも食ってんだろｗ,6,0,0,0,1,1,0,0
ｗｗｗｗｗ,1,0,0,0,0,0,0,0
ここゾクッとする,4,0,0,0,0,0,0,0
好きな雰囲気です,4,0,0,0,0,0,1,1
元気だなぁw,4,0,0,0,0,1,1,1
強いな,2,0,0,0,0,0,1,1
今度も飛行機は作ってもらう,7,0,0,0,0,1,0,0
抱き枕なんとかしろｗ,5,0,0,0,0,0,0,0
新キャラはいないのね,7,0,0,0,1,1,0,0
余裕だね～,4,0,0,0,0,0,0,0
うごけないてき,4,0,0,0,1,1,0,0
あぶねええ,3,0,0,0,0,0,0,0
ひどすぎるｗｗｗ,3,0,0,0,1,1,0,0
カンペｗｗｗ,2,0,0,0,0,0,0,0
この機能便利ですよね！,7,0,0,0,0,1,0,0
食べました！！！,6,0,0,0,0,0,0,0
いいくるまですよね！,6,0,0,0,0,1,1,1
いいんですよね！,6,0,0,0,0,1,1,1
楽しそうでいいですね！,7,0,0,0,0,0,1,1
いい話聞けてうれしいですよ！,8,0,0,0,0,1,1,1
また次楽しみにしてます！！,9,0,0,0,0,0,0,0
厳つい顔してるなぁｗ,6,0,0,0,0,1,0,0
まさにスーパーカーでしたね,6,0,0,0,0,0,0,0
かっこいい･･･。,2,0,0,0,0,0,0,1
角が気になって仕方ない,8,0,0,0,1,1,0,0
みつめる,1,0,0,0,0,0,0,0
ジャケットも好き,3,0,0,0,0,0,1,1
不思議な感じの曲,5,0,0,0,0,0,0,0
うれてるな～,4,0,0,0,0,0,0,0
服が気になって仕方ない,8,0,0,0,1,1,0,0
ルパンっぽい,2,0,0,0,0,0,0,0
お疲れさまでした～,4,0,0,0,0,0,0,0
当たり,1,0,0,0,0,0,0,0
相変わらずすばらしい高音,3,0,0,0,0,0,0,0
本当、良い声大好き！！,7,0,0,0,0,0,1,1
お、衣装変わった,5,0,0,0,0,0,0,0
絵がへただ,4,0,0,0,0,0,0,0
うまそうｗｗｗｗｗ,3,0,0,0,0,0,0,0
ワカメｗｗ,3,0,0,0,0,0,0,0
うまそおおおおお,4,0,0,0,0,0,0,0
朝からハンバーグ,3,0,0,0,0,0,0,0
花札のBGM,3,0,0,0,0,0,0,0
前よりキレがある,5,0,0,0,0,0,0,0
うぽつ,3,0,0,0,0,0,0,0
やばい，萌える,3,0,0,0,0,0,0,0
笑顔が素敵ー！,5,0,0,0,0,0,0,0
かわいい,1,0,0,0,0,0,0,1
またおてつだいｗｗｗ,4,0,0,0,0,0,0,0
さすがレンジャー,3,0,0,0,0,0,1,1
お腹出してるからね,5,0,0,0,0,1,0,0
だなｗ,3,0,0,0,0,1,0,0
人参みたいだな,4,0,0,0,0,1,0,0
対応が大人やなｗ,6,0,0,0,0,0,0,0
バランス乙,2,0,0,0,0,0,0,0
おてつだいかｗ,4,0,0,0,0,0,0,0
聞こえなーい聞こえなーい,6,0,0,0,0,0,0,0
しびれるキック！,3,0,0,0,0,0,0,0
あ、こんばんは！,4,0,0,0,0,0,0,0
よく遊んでね,4,0,0,0,0,0,1,1
4個だよ,4,0,0,0,0,0,0,0
おｋ,2,0,0,0,0,0,0,0
おおお,1,0,0,0,0,0,0,0
でかいｗ,2,0,0,0,0,0,0,0
素晴らしい,1,0,0,0,0,0,0,0
今のはどうなの？,7,0,0,0,0,0,0,0
すごいがんばったなｗ,5,0,0,0,0,0,1,1
体かたいのか,4,0,0,0,0,0,0,0
可愛いｗｗｗｗ,2,0,0,0,0,0,0,0
まってました！,5,0,0,0,0,1,0,0
おつかれさまー,5,0,0,0,0,0,0,0
なにこれかっこいい,3,0,0,0,0,0,0,1
さすが師匠やでえ,5,0,0,0,0,0,1,1
やめて,2,0,0,0,0,0,0,0
真ん中うま,2,0,0,0,0,0,0,0
女の人かわい,5,0,0,0,0,0,0,0
うまいなこいつら,4,1,1,0,0,0,1,1
まさかな,2,0,0,0,0,0,0,0
こりゃあかん,2,0,0,0,0,0,0,0
これは泣ける,3,0,0,0,0,0,0,0
乙でした,3,0,0,0,0,0,0,0
桜だー,3,0,0,0,0,0,0,0
おおおお,2,0,0,0,0,0,0,0
バトル見せてよー,4,0,0,0,0,0,0,0
でかした,2,0,0,0,0,0,0,0
絵は慣れる,3,0,0,0,0,0,0,0
マジレスすると、長時間の「人」の並びが禁止されている地域がある,21,0,0,0,0,0,0,0
久々に演奏してみたですごいと思った,12,0,0,0,0,0,1,1
ヨーカドーくっそwwwww,4,0,0,0,0,0,0,0
一言もしゃべらない伽羅ちゃんwww,7,0,0,0,1,1,0,0
主コメそれなw,5,0,0,0,0,0,0,0
プレゼント(ソフィア)と寝る(意味深),10,0,0,0,0,0,0,0
ルー↑,2,0,0,0,0,0,0,0
いい表情なさる,3,0,0,0,0,0,1,1
本物ボーナスが別抽選のわけねーだろ,9,0,0,0,1,1,0,0
動きでわかる,3,0,0,0,0,0,0,0
放火魔持ちは心情安定でもたまに派手にやるんじゃなかったか？,17,0,0,0,1,1,0,1
カリがでかい,3,0,0,0,0,0,0,0
クロが頭良いwww,5,0,0,0,0,0,1,1
どうしてそんなもんがｗｗｗ,5,0,0,0,0,0,0,0
向こうから近づいてくる分にはやれる,9,0,0,0,0,0,0,0
かまたま？,3,0,0,0,0,0,0,0
ウォーカーに気をとられてるんやろ,9,0,0,0,0,0,0,0
リヒたんまじ天使ッスね！！,8,0,0,0,0,0,0,0
し、しんどい,3,0,0,0,0,0,0,0
馴れ合わなからちゃん,3,0,0,0,0,0,0,0
せんせーww,3,0,0,0,0,0,0,0
ＥＤでまだ結婚させようとしてるトロデにも問題ある,15,0,0,0,0,1,0,0
5位をめざす♯☆♪□※ｗｗｗ,6,0,0,0,0,0,0,0
それはない・・・・,7,0,0,0,1,1,0,0
信之助～,3,0,0,0,0,0,0,0
上手かったのに残念だ・・・,8,0,0,0,1,1,0,0
今回MVどれも凝ってるね,7,0,0,0,0,1,0,0
粒ｗｗｗ,2,0,0,0,0,0,0,0
踏まれて目ぇ覚ましたんやな,10,0,0,0,0,0,0,0
って言うか、居たなんて、本当に、強烈だっ！、,14,0,0,0,2,1,0,0
携帯（通話のみ）だなｗ　教養１が,12,0,0,0,0,1,0,0
そうだとしても、か　殺す気は無さそうだな,15,0,1,0,0,1,0,0
マジうれしかったんだな,6,0,0,0,0,1,0,0
大都の直営店で10がイベ日,9,0,0,0,0,0,0,0
うん、これは、,5,0,0,0,0,0,0,0
結局出たら楽しいっていうタイプの人間だしなやるお,12,0,0,0,0,1,1,1
わ,1,0,0,0,0,0,0,0
パスゼロ思い出した,4,0,0,0,0,0,0,0
改型をカイ少佐に渡しちゃうと、イルムは弐式になりがちな気がする,20,0,0,0,0,0,0,0
うっかりだけどやる夫指揮能力有能ってみえていいなｗ,14,0,0,0,2,1,1,1
なんですか、これw,7,0,0,0,0,1,0,0
食べなれたネタを思いだそう。,8,0,0,0,0,0,0,0
すでに笑えてくる,4,0,0,0,0,0,0,0
逃げんなw,3,0,0,0,0,0,0,0
あ・・・（察し,6,0,0,0,0,0,0,0
まず疑われることでもない,7,0,0,0,1,1,0,0
そして結び,2,0,0,0,0,0,0,0
終わりだよー^ ^,6,0,0,0,0,0,0,0
都市迷彩にしろよｗ,6,0,0,0,0,0,0,0
特大とは,3,0,0,0,0,0,0,0
馬鹿野郎！なんでこんなこと書いた！,9,2,1,0,0,0,0,0
この人ほんとうまいからもっと評価されてくれ,11,0,0,0,0,0,1,1
家に来なくなるのが先じゃない？,11,0,0,0,2,1,0,0
普通フェアリー攻撃からのシンシア進化だよなあ,10,0,0,0,0,0,1,1
さすが！！！,4,0,0,0,0,0,1,1
設定なさそう,4,0,0,0,0,0,0,0
近代でも普通選挙が広がるにつれて、宗教系政党が隠然とした力を保持した。一人一票の弊害かねえ。,31,0,0,0,0,0,1,1
ここだれ？,3,0,0,0,0,0,0,0
ええこや,4,0,0,0,0,0,0,0
( ﾟ∀ﾟ):∵ｸﾞﾊｯ!!,8,0,0,0,0,0,0,0
融合の方は、自身の効果で直接攻撃できないぞ,14,0,0,0,1,1,0,0
術も全部資質あるんだよな,9,0,0,0,0,0,0,0
この解説のように日本は代り映えしないけど米国は凋落してるという勘違いが日本のデフレの原因かもしれない,27,0,0,0,4,1,0,0
この表現すこ,3,0,0,0,0,0,0,0
はいここ笑うところですよー,6,0,0,0,0,1,1,1
、,1,0,0,0,0,0,0,0
鼻から忠誠心が・・・,8,0,0,0,0,0,0,0
これジオンのが確立当たりやすく設定されてないか？ｗ,15,0,0,0,1,1,0,0
二号機さっきからなんもしてねーじゃんかｗ,12,0,0,0,0,1,0,0
LV1頭部のジョイント部分が肩バルカン砲かセンサーみたいに見えるなあ,16,0,0,0,0,0,0,0
ﾊﾔｵｸﾘすき,2,0,0,0,0,0,0,0
おばあちゃんみたい,3,0,0,0,0,0,0,0
分断されちまったか。面倒だな,10,0,0,0,0,1,0,0
狛枝ぁぁぁあああ！！！！,7,0,0,0,0,0,0,0
また新人さんか！？,6,0,0,0,0,0,0,0
腐ってる奴は腐ってる某所みるのがいいよ,12,0,0,0,0,1,1,1
いいところ大丈夫,3,0,0,0,0,0,2,1
ふーむ,3,0,0,0,0,0,0,0
クレムにはリーがインストールされてるからな,11,0,0,0,0,0,0,0
なんかイメージ変わったわwww,6,0,0,0,0,0,0,0
もずく,1,0,0,0,0,0,0,0
今後の台と考えたらね,7,0,0,0,0,0,0,0
なんか漏れたかなー　これは惜しい,9,0,0,0,0,0,0,0
今日参加者強者多いな,6,0,0,0,0,0,0,0
久しぶりにほらね？見たわ,8,0,0,0,0,0,0,0
まだ復活かるんだけどな,7,0,0,0,1,1,0,0
裏「One and Only」みないなMV,12,0,0,0,1,1,0,0
抱きつくのも見てみたかったw,9,0,0,0,0,0,0,0
ヘッドショット率高いなー…ナイフも相まってノーダメでも行けるんちゃうか,16,0,0,0,0,1,0,0
こいつらいつも一緒に寝てんな,8,1,1,0,0,0,0,0
エアガンぶっぱなすのは,4,0,0,0,0,0,0,0
あ…((察し,4,0,0,0,0,0,0,0
音声も左右ふってるのか,7,0,0,0,0,1,0,0
確定って言えないんだよ・・外れないよな？,14,0,0,0,3,1,0,0
　手厚いサポート＝月額料金に上乗せされてるのがメガキャリア,14,0,1,0,0,0,0,0
消えたら回復するだけだしな,8,0,0,0,1,1,0,0
たしかになあ,2,0,0,0,0,1,0,0
一緒にやってみたいなｗ,8,0,0,0,0,1,0,0
俺も洋館行って瀕死になってくる,10,0,0,0,0,1,0,0
いや前髪あるとね…だったかな。たぶん,12,0,0,0,0,0,0,0
ひっでえな,4,0,0,0,0,0,0,0
気分は high high high,8,0,0,0,0,0,0,0
謎の感動,3,0,0,0,0,0,0,0
総務省じゃなく、キャリアがおかしいだけだろこれ,11,0,0,0,3,1,0,0
毒状態になってるからですよ。,9,0,0,0,0,1,0,0
強くなければ生きられない、優しくなければ生きている価値がない,16,0,0,0,2,1,0,0
絶対結婚するぅぅ,4,0,0,0,0,0,0,0
バナ山さんすごいもんね…,7,0,0,0,0,0,1,1
プレーシャー縛りかな？,5,0,0,0,0,1,0,0
くそおもろい,2,1,1,0,0,0,1,1
カカッ♪,2,0,0,0,0,0,0,0
今作PC版も人いっぱいいて良いよな,12,0,0,0,0,0,1,1
完成版だね,4,0,0,0,0,0,0,0
なにこのイケメンマジ天使,4,0,0,0,0,0,0,1
それと電卓,2,0,0,0,0,0,0,0
さすがうたづきさんハラハラ楽しませてもらいました,12,0,0,0,0,0,1,1
とてもチモシーの人とは思えない,8,0,0,0,1,1,0,0
きちぃ,2,0,0,0,0,0,0,0
つすくる,3,0,0,0,0,0,0,0
かわいいよ,2,0,0,0,0,0,0,1
教養のあるゴリラやな,6,1,1,0,0,0,0,0
生田いいじゃん,3,0,0,0,0,1,1,1
これはマイリスww,4,0,0,0,0,0,0,0
ステゴーっす,2,0,0,0,0,0,0,0
それこそドリキンの86レベルやな,8,0,0,0,1,1,0,0
watch dogsかな？,6,0,0,0,0,1,0,0
ひっでー店,4,0,0,0,0,0,0,0
ソフィアのせいで寝込んだみたいに見える,9,0,0,0,0,0,0,0
でも以前の様にやたら怯み転倒しなくなったから凄く戦い易くなったね,19,0,0,0,0,0,1,1
椅子になりたい,4,0,0,0,0,0,0,0
歌い手俺得,3,0,0,0,0,0,0,0
フラグか,2,0,0,0,0,0,0,0
歌えそうwww,3,0,0,0,0,0,0,0
スタッフに言えｗ,4,0,0,0,0,0,0,0
べっこり字幕,4,0,0,0,0,0,0,0
ハイレグはともかくセレブだと見抜くハーケンｗ,10,0,0,0,0,1,0,0
クスリやってんのかって面だな,9,0,0,0,0,1,0,0
二万以上負けから新基準は,8,0,0,0,0,0,0,0
さすがとしか,3,0,0,0,1,1,1,1
うたってるからだよw,6,0,0,0,0,1,0,0
ゼノンきつそう,3,0,0,0,0,0,0,0
痛い子の特等席先生の横ｗ,9,0,0,0,0,0,0,0
バケゆか…,3,0,0,0,0,0,0,0
(伽羅ちゃん、声だしてこーぜww),12,0,0,0,0,0,0,0
うみごん似合ってない,6,0,0,0,1,1,0,0
バイバインかな？,5,0,0,0,0,1,0,0
すごいなここ,3,0,0,0,0,0,1,1
アロセはガチムチ女子のイメージ,6,0,0,0,0,0,0,0
最後やらかしたなーこれ,5,0,0,0,0,0,0,0
強いね,2,0,0,0,0,0,1,1
野中ぁぁぁぁぁぁ！,3,0,0,0,0,0,0,0
♪～♭～♪～,1,0,0,0,0,0,0,0
エーベックス感！ガンダム！,6,0,0,0,0,0,0,0
緊張化,2,0,0,0,0,0,0,0
どこで使い方を習った？→説明書を読んだのよ,16,0,0,0,0,0,0,0
←超欲しいんだが,6,0,0,0,0,0,0,0
‹‹\(´ω` )/››‹‹\( 　´)/››‹‹\( ´ω`)/››~♪,12,0,0,0,0,0,0,0
また君か...壊れるなぁ...,7,0,0,0,0,0,0,0
ナイスヘッショ！,2,0,0,0,0,0,0,0
うｐしました,5,0,0,0,0,0,0,0
これアドリブってすごいわｗｗ,7,0,0,0,1,1,1,1
より負けるだろ,3,0,0,0,1,1,0,0
おっふお,2,0,0,0,0,0,0,0
何かあるたびにキレそう言ってて草,11,0,0,0,0,1,0,0
ねねごん,3,0,0,0,0,0,0,0
リメイクには残虐ENDあるんかなぁ？,10,0,0,0,0,0,0,0
今度現れたら金たま縫い合わす,6,0,0,0,0,0,0,0
「ねえ？Maybe Melty？」,8,0,0,0,0,0,0,0
ゆんｗ,2,0,0,0,0,0,0,0
くそわろたｗｗｗｗｗｗｗｗ,4,1,1,0,0,0,0,0
さすがやな,3,0,0,0,0,0,1,1
増えてるってかさっきから一瞬だけ反応してるぞ,11,0,0,0,1,1,0,0
ん？なんだって,4,0,0,0,0,1,0,0
もんじゃ？　ストⅤの話？,9,0,0,0,1,1,0,0
覚醒吐かしたし勝確しょ,7,0,0,0,0,0,0,0
甘デジはよ,4,0,0,0,0,0,0,0
ＣＯ２減らすことは良いことだという先入観が危険なんだ,14,0,0,0,1,1,1,1
←わろた,3,0,0,0,0,0,0,0
おお！総天然色や！,7,0,0,0,0,0,0,0
小学生かwww,3,0,0,0,0,0,0,0
忍び学生ごときが！,5,0,0,0,0,0,0,0
みてくださいよこのガタイ！こんな強そうなガタイしてる人が非力なわけないじゃないですか！（閉廷おじさん）,31,0,1,0,3,1,0,0
ぱちぱちー,2,0,0,0,0,0,0,0
普通に笑ったわｗ,6,0,0,0,0,0,1,1
911,1,0,0,0,0,0,0,0
この歌好き,3,0,0,0,0,0,1,1
ホームビデオみたいで素晴らしい調声だった,9,0,0,0,0,0,0,0
俺はそうだねだな,7,0,0,0,0,1,0,0
どっちもどっち,3,0,0,0,0,0,0,0
まあ当たった事無いけどね(｡･ω･｡),10,0,0,0,2,1,0,0
今後のモチベのためにEntyで支援してください！,13,0,1,0,0,0,0,0
ドラマは初期とシーズン5でやってたな,11,0,0,0,0,1,0,0
とびだせ常識(キズナ),5,0,0,0,0,0,0,0
あーなるほど 加速してるのか,8,0,0,0,0,1,0,0
よっさんから,3,0,0,0,0,0,0,0
会長ほんと成長しないな,6,0,0,0,1,1,0,0
もう笑ってしまう,4,0,0,0,0,1,0,0
なんじゃこれ,3,0,0,0,1,1,0,0
なんだこれw,4,0,0,0,0,0,0,0
大ちゃん頑張ってる,3,0,0,0,0,1,0,0
upotu-,2,0,0,0,0,0,0,0
ダニどみ,3,0,0,0,0,0,0,0
押っ忍,3,0,0,0,0,0,0,0
放火熱心,2,0,0,0,0,0,0,0
はやすぎ,2,0,0,0,0,0,0,0
最近の電通ビルですか,6,0,0,0,0,1,0,0
Zがガン追いされてZZ放置なんだから被弾しなくて覚醒なんてたまんねぇんだよなぁ,25,0,0,0,1,1,0,0
一緒に寝てるｗｗ,6,0,0,0,0,0,0,0
毒・・・,4,0,0,0,0,0,0,0
あっ…（察し）,5,0,0,0,0,0,0,0
あ、群れの中歩けるじゃん･･･,8,0,0,0,0,1,0,0
金のお風呂っ!,6,0,0,0,0,0,0,0
ケニーとルークは組めそうな気もするが,11,0,0,0,0,0,0,0
５５　ジェイソン・スタンリッジ,4,0,0,0,0,0,0,0
くいぎみワロ,3,0,0,0,0,0,0,0
このカードはヤフオクかな,6,0,0,0,0,0,0,0
もうMVNOでええやん,5,0,0,0,0,0,0,0
鞘師ありがとうｗ,4,0,0,0,0,0,0,0
かまたまうどんっぽい,4,0,0,0,0,0,0,0
あれはいいんちょうのはず,7,0,0,0,0,0,1,1
最近マジでおもろいぞ,5,0,0,0,0,0,1,1
音葉さん…指揮…ケーキうっ、頭が…,11,0,0,0,0,0,0,0
ムゲフロだともっとひねりの聞いたあだ名が多かった気がする,15,0,0,0,0,1,0,0
ジル編だとグレネードランチャーが取れる,7,0,0,0,0,1,0,0
うまい！！,3,0,0,0,0,0,1,1
タワー戦でエレシュキ投げて主一回死んだらマナためでいい。うまい相手ならエステルにブラムス覚醒が間に合わない,26,0,1,0,1,1,2,1
清々しいまでの辛辣さw,6,0,0,0,0,0,0,0
乳首見えてるし怪しいよなぁ,7,0,0,0,0,0,0,0
きんたま～,3,0,0,0,0,0,0,0
アスランはおもちゃじゃない！(脊髄反射),10,0,0,0,2,1,0,0
知ってたしｗ,5,0,0,0,0,1,0,0
ヤ・ス・ア・キ！！,3,0,0,0,0,0,0,0
やる気満々。,3,0,0,0,0,0,0,0
ぽんぽーーーん！！！,7,0,0,0,0,0,0,0
こんなにスタイリッシュな薪割りは見た事がない,10,0,0,0,1,1,0,0
結構な代物が幻想入りしたな・・・結界大丈夫なのかね？,19,0,0,0,0,0,1,1
なんでMVNOという選択肢を取らないのか,10,0,0,0,2,1,0,0
21世紀は、悪魔と悪党達の消滅時代。,12,0,0,0,0,0,0,0
あんた今、夢を見とるな？,9,0,0,0,0,0,1,1
何このかす,3,0,0,0,0,0,0,0
迷彩の出番やな,5,0,0,0,0,0,0,0
2位が近いなら巻き込み狙った方がよくないか？,14,0,1,0,1,1,1,1
論より証拠,3,0,0,0,0,0,0,0
にどみさんをすこれ,7,0,0,0,0,0,0,0
まほいくかーい,6,0,0,0,0,0,0,0
数が減ってたら気づくと思うけどな,10,0,0,0,1,1,0,0
またトランシーバーか…,4,0,0,0,0,0,0,0
お ま た せ,7,0,0,0,0,0,0,0
クーさん！！,4,0,0,0,0,0,0,0
このゲーム、ダルマにできるんだよなぁ,10,0,0,0,0,0,0,0
かわええ,4,0,0,0,0,0,0,0
ほっぺぷにぷにしたい,2,0,0,0,0,0,0,0
なるほどね,2,0,0,0,0,0,0,0
うｐありがとうございます。,6,0,0,0,0,0,0,0
タナカちゃんは仕事できる女って感じがする,10,0,0,0,1,1,0,0
普通そうだと思いますよｗ,8,0,0,0,0,1,1,1
これ、毎回ちゃんと電話出てたら、展開違ったのかな？,16,0,0,0,0,1,0,0
アイテム取り忘れないの？,6,0,0,0,1,1,0,0
右下じゃなくて左上だろ,7,0,0,0,2,1,0,0
スカウトされなくてもいけるぞ,8,0,0,0,0,0,0,0
入賞だから問題無いよー,6,0,0,0,1,1,0,0
レベルアップーおめでとー♪,7,0,0,0,0,1,0,0
最近このシリーズが寝る前の日課,8,0,0,0,0,0,0,0
そりゃ、救国の英雄様とかだろうねぇｗ,11,0,0,0,1,1,1,1
どこぞの事務員かお前はｗ,8,0,0,0,0,0,0,0
お～、俺も犯人気になってたからこれは嬉しいｗ,15,0,0,0,0,1,0,0
これは現在の貨幣価値で五千万円程の金額である,16,0,0,0,0,0,0,0
ソーサラーレベル上がると嬉しいんだよなぁｗ,9,0,0,0,0,1,0,0
いきなりオーバーを計算に入れるなｗｗｗ,8,0,0,0,0,0,0,0
うちらはセッション終了後にレベルアップしてたっけ,12,0,0,0,0,1,0,0
中の人も家出状態だからな,9,0,0,0,0,0,0,0
ファイター辺りが兼業したほうが効率いいんだよなあ,14,0,0,0,0,0,1,1
36回に１回くらいは、今日みたいな日もある,14,0,0,0,0,0,0,0
一気に戦力上がったな,5,0,0,0,0,0,0,0
そもそもが中級者ですら厳しい内容だからなwww,12,0,0,0,0,0,0,0
このぐらいしないと生活費で詰みそうだしね,13,0,0,0,1,1,0,0
お嬢様は遊びは全力で楽しむタイプだね,10,0,0,0,0,0,0,1
現金じゃないから割増してあげたのね,11,0,0,0,2,1,0,0
コンセプトは変わらなくても印象は変わったはず,11,0,0,0,0,0,0,0
おおまだ車体残っているんだ,8,0,0,0,0,1,0,0
溜めてうまく売ったな,6,0,0,0,0,0,1,1
古木より応援歌にあってる,7,0,0,0,0,1,1,1
坂口は身体を上手く回転させるからね,10,0,0,0,0,0,0,0
こりゃ今の時代放送できんなｗ,9,0,0,0,0,0,0,0
もしかして今溶けたのもブレスレットの力？,10,0,0,0,0,1,0,0
始めて見たウルトラマンがこの回だったｗ,10,0,0,0,0,0,0,0
大事な事なので2回分放ちました,10,0,0,0,0,0,0,0
何このきれいな声,5,0,0,0,0,0,0,0
このタイミングで召喚できてれば勝ってたのか,12,0,0,0,0,1,0,0
おつかれさまー,5,0,0,0,0,0,0,0
宇治金時が食べたい,5,0,0,0,0,0,0,0
魔法の減り早っｗ,6,0,0,0,0,0,0,0
何回くろてんねん,5,0,0,0,0,0,0,0
ひびによく気づいたな！！,8,0,0,0,0,0,1,1
そろそろまじで回転斬りしろや,8,0,0,0,0,0,0,0
ふりかけタイム,2,0,0,0,0,0,0,0
目には弓じゃないのか？,9,0,0,0,2,1,0,0
暖かくなってきたねー,6,0,0,0,0,1,0,0
ブロック動かせば出るよ,5,0,0,0,0,0,0,0
盾の位置を把握してないな,9,0,0,0,1,1,0,0
連打する癖を直さないと,7,0,0,0,1,1,0,0
なつかしい。ここは難しかった,6,0,0,0,0,1,0,0
クリアできる気がしないな,7,0,0,0,1,1,0,0
むしろあたってないｗｗ,6,0,0,0,1,1,0,0
これ知らなかったああああああ,7,0,0,0,0,0,0,0
鍵はこの部屋にあります,7,0,0,0,0,0,0,0
しばらく逃げ回ってたら消えなかったっけ?,9,0,0,0,0,1,0,0
期待通りの反応ｗｗｗ,5,0,0,0,0,0,0,0
ここ複雑なのがなあ・・・,9,0,1,0,0,0,0,0
そうか、ミラーでいいんだな,9,0,0,0,0,1,1,1
ここは俺はかなり辛かった,7,0,0,0,0,0,0,0
姫だと主人公の師匠で没後なんだよね,14,0,0,0,0,1,0,0
安心と信頼の島津ブランド,6,0,0,0,0,0,0,1
月謝６０００円ってとこかな？,11,0,0,0,1,1,0,0
ゲストが多いｗ,4,0,0,0,0,0,0,0
よかったねｗ,4,0,0,0,0,0,0,0
まずぶつかってくるのありえね,8,0,0,0,0,1,0,0
ぜんぶみたい,2,0,0,0,0,0,0,0
何でもありだな,6,0,0,0,0,1,0,0
レベル１で大丈夫かな？,7,0,0,0,1,1,1,1
なかなか好きだけどベース気になる,8,0,0,0,1,1,1,1
風船ぶら下げとるがな,5,0,0,0,0,0,0,0
ベース真ん中にしてくれ,6,0,0,0,0,0,0,0
飽きるまで長すぎｗｗ,6,0,0,0,0,0,0,0
足場がわれてる,4,0,0,0,0,0,0,0
どういうことなんだ,5,0,0,0,0,0,0,0
そんなことないぞ！！,6,0,0,0,1,1,0,0
これはいいなｗ,5,0,0,0,0,0,1,1
お借りします！,5,0,0,0,0,0,0,0
ちょっとキャラの持ってる能力忘れすぎじゃね？,11,0,0,0,1,1,0,0
隊長登場ｗｗｗｗ,3,0,0,0,0,0,0,0
そういう時は合流するか、援護攻撃,9,0,0,0,0,0,0,0
同じようなデモはオフしないとクリアまでもたないかもよ？,16,0,0,0,2,1,0,0
また無意味な博打をｗｗｗ,6,0,0,0,0,0,0,0
補給すれば使える、気力は減るが,9,0,0,0,0,0,0,0
俺が勇者だ！,5,0,0,0,0,0,0,0
零式やジガンに比べてってことじゃない？,13,0,0,0,2,1,0,0
カスタムですからｗ,4,0,1,0,0,1,0,0
前に使わなかったけ？,7,0,0,0,0,0,0,0
命中率マイナスだし必中は必須,8,0,0,0,0,0,0,0
コーラスいいなほんと,4,0,0,0,0,0,1,1
聴いてて気持ちいいな,5,0,0,0,0,0,0,1
ここえらい走るな　そういうもんなんかな,11,0,0,0,0,0,0,0
黄色いな,2,0,0,0,0,0,0,0
私も神だ,4,0,0,0,0,0,1,1
妖怪なのかｗ,5,0,0,0,0,0,0,0
２回目期待するからねw,8,0,0,0,0,0,0,0
なつかしいなー,2,0,0,0,0,0,0,0
オープニングが神曲すぎる！！,7,0,0,0,1,1,1,1
ちょとむりやりすぎだな,6,0,0,0,0,1,0,0
ここの押しづらさはない,7,0,0,0,1,1,0,0
ほんとこれクリアできない・・・,8,0,0,0,1,1,0,0
わははははは,6,0,0,0,0,0,0,0
おっと、出番か？,6,0,0,0,0,0,0,0
選抜試験かな,4,0,0,0,0,0,0,0
参考になりました,5,0,0,0,0,0,0,0
キタキター！！,3,0,0,0,0,0,0,0
この曲待ってたぜ,6,0,0,0,0,1,0,0
始めて見たｗ,4,0,0,0,0,0,0,0
やれやれだぜ,3,0,0,0,0,0,0,0
ないない,2,0,0,0,2,1,0,0
がんばれｗ,2,0,0,0,0,0,0,0
もっと速く走れるよ,4,0,0,0,0,0,0,0
ぐるぐるすんなｗ,4,0,0,0,0,0,0,0
いいよねこの音楽,5,0,0,0,0,0,1,1
クラウドはもっと力任せだと思ふ,8,0,0,0,0,1,0,0
更新待ってました～！,6,0,0,0,0,1,0,0
相変わらずあっというまの時間だった,8,0,0,0,1,1,0,0
ゴールまで頑張ってくれ,5,0,0,0,0,1,0,0
たしかにねｗ,3,0,0,0,0,1,0,0
食事中かよｗｗｗ,5,0,0,0,0,0,0,0
飛ばすわけないじゃないですか☆,8,0,0,0,3,1,0,0
うぽつ,3,0,0,0,0,0,0,0
すげぇ平和だｗ,5,0,0,0,0,0,0,0
すぐ似合います,3,0,0,0,0,0,0,0
松風有能すぎるｗｗ,5,0,0,0,1,1,0,0
赤もったいない,2,0,0,0,0,1,0,0
スキルが凄いことになってきた,9,0,0,0,0,1,1,1
ブルーアイズ来たな,4,0,0,0,0,0,0,0
おお、スゲー見やすい,5,0,0,0,0,0,0,0
電卓うちの学校のと同じだｗ,9,0,0,0,0,0,0,0
画質いい,2,0,0,0,0,0,1,1
相手だけで,3,0,0,0,1,1,0,0
ダントツすぎる,2,0,0,0,1,1,0,0
照れくさそうなのがいい,6,0,1,0,0,0,1,1
なんで左側の2を飛ばすんだよｗ,10,0,0,0,0,0,0,0
すげぇアイテムが来た,6,0,0,0,0,0,0,0
メンテ良さそう,4,0,0,0,0,0,0,1
この曲好き,3,0,0,0,0,0,1,1
なぜつながった,3,0,0,0,0,0,0,0
つまるところラストゲー,2,0,0,0,0,0,0,0
ツッコミｗｗ,3,0,0,0,0,0,0,0
わかるわかるｗ,3,0,0,0,0,0,0,0
買ってもここに来るｗ,7,0,0,0,0,1,0,0
このために初めて買いました,7,0,0,0,0,0,0,0
久しぶりのラジオだ,4,0,0,0,0,0,0,0
よろしくお願いしますー！,6,0,0,0,0,0,0,0
なんだいまのｗｗｗ,5,0,0,0,0,0,0,0
これ国家にしよーぜ,6,0,0,0,0,0,0,0
夢なら仕方ないww,5,0,0,0,1,1,1,1
ブレないなｗ,4,0,0,0,1,1,0,0
いきなりｗ,2,0,0,0,0,0,0,0
崖のところに狙撃手が一組いまっせ,12,0,0,0,0,0,0,0
なにした？,4,0,0,0,0,0,0,0
これが原作か,4,0,0,0,0,0,0,0
普通の動きなのに笑えるｗｗ,8,0,0,0,1,1,1,1
いかりん？,3,0,0,0,0,0,0,0
ハチプロかな？,5,0,0,0,0,1,0,0
ピラミッドｗｗｗ,2,0,0,0,0,0,0,0
これPVで使われてたな,8,0,0,0,0,0,0,0
主人公のテーマで,4,0,0,0,0,0,0,0
ラスボス戦？,4,0,0,0,0,0,0,0
こういう疾走感あるのはいいな,8,0,0,0,0,0,1,1
XPにも似た曲あったような,10,0,0,0,0,0,0,0
あえてＯＰとＥＤ統一もいいかもな,10,0,0,0,0,0,1,1
これフィールドにしたわ,6,0,0,0,0,0,0,0
中ボス戦に使っているよ～,9,0,0,0,0,1,0,0
これのはやくしたやつ好きだわ,9,0,0,0,0,0,1,1
これはいいぜ,4,0,0,0,0,0,1,1
戦闘曲はすべて気に入っています,8,0,0,0,0,1,0,0
これは村、もしくは町,6,0,0,0,0,0,0,0
ラストバトルの曲だな,6,0,0,0,0,1,0,0
これ魔王連戦ゲーで多用してたな,10,0,0,0,0,0,0,0
やっぱフィールド３だよな,6,0,0,0,0,0,0,0
ほのぼのしたイベントとかに使ったなぁ,9,0,0,0,0,0,0,0
いい声だ,3,0,0,0,0,0,1,1
電池切れとな,4,0,0,0,0,0,0,0
のびやか心地よいです,3,0,0,0,0,0,0,0
待ってたぜー！,6,0,0,0,0,1,0,0
スタート地点か？,4,0,0,0,0,0,0,0
もうクリアも目前か,5,0,0,0,0,0,0,0
落ち着きなはれ,3,0,0,0,0,0,0,0
おまけのが長いｗｗｗｗ,5,0,0,0,0,0,0,0
俺福岡に住んでる,5,0,0,0,0,0,0,0
すげえやわらかｗ,4,0,0,0,0,0,0,1
"野球ゲームは持っていますか?""",9,0,0,0,0,1,0,0
狙い撃ちされた,4,0,0,0,0,0,0,0
俺運転する！,4,0,0,0,0,0,0,0
楽しい映画じゃったよ,5,0,0,0,0,1,1,1
よくできた映画でした,6,0,0,0,0,0,1,1
若いから動きに切れがある,7,0,0,0,0,0,0,0
いつも参考にしてます,6,0,0,0,0,0,0,0
にやにやがとまらないｗ,5,0,0,0,1,1,0,0
あいてうまいな,4,0,0,0,0,0,1,1
次回作も楽しみにしてますよ～,10,0,0,0,0,0,0,0
流れてる曲のタイトルが知りたい,8,0,0,0,0,0,0,0
がんばってるな,3,0,0,0,0,1,0,0
おでんに行きましょう,5,0,0,0,0,0,0,0
飛行機とおってね？,6,0,0,0,0,1,0,0
３センチしかのこってない,6,0,0,0,2,1,0,0
軽い音がいい,4,0,0,0,0,0,1,1
わんわんお,2,0,0,0,0,0,0,0
ハサミ系ではこれが一番いい,8,0,0,0,0,0,1,1
みんなやっぱくるのか,5,0,0,0,0,0,0,0
耳が幸せ,3,0,0,0,0,0,1,1
テンポがああああああ,5,0,0,0,0,0,0,0
全一更新おめ,5,0,0,0,0,0,0,0
俺なら絶望してる,5,0,0,0,0,1,0,0
交互うますぎるｗ,4,0,0,0,1,1,0,0
防御してるのにｗｗ,6,0,0,0,1,1,0,0
どんな強さかな？,6,0,0,0,0,1,0,0
戦車から変わらないな,5,0,0,0,1,1,0,0
これ以上強くなるのかｗ,7,0,0,0,0,0,0,0
ほかの形態にならないのか？,9,0,0,0,1,1,0,0
解説ありがとう,2,0,0,0,0,0,0,0
安定してるね,4,0,0,0,0,1,0,1
ＨＰどのくらいだろうｗｗ,7,0,0,0,1,1,0,0
間に合った,2,0,0,0,0,0,0,0
ミルキー流星群か？,5,0,0,0,0,0,0,0
バランス調整では,4,0,0,0,0,0,0,0
コマンド入力じゃね？,5,0,0,0,1,1,0,0
9999固定,2,0,0,0,0,0,0,0
安定のずっと俺のターンww,7,0,0,0,0,0,0,1
歌もPVも素晴らしい！！,7,0,0,0,0,0,0,0
あのアスラは良かった,5,0,0,0,0,0,0,0
ぬるぬる動いてたなぁ,5,0,0,0,0,0,0,0
技も入ってたのが良い,8,0,0,0,0,1,1,1
キュン死しそうや！,6,0,0,0,0,0,0,0
よくできてるなあ,4,0,0,0,0,0,1,1
こういう動画がもっと増えるといいんだけど,10,0,0,0,1,1,1,1
それは大会での話か？,8,0,0,0,0,0,0,0
イスの安定感がｗｗｗｗ,6,0,0,0,0,0,0,1
一人四役,4,0,0,0,0,0,0,0
聞いてたら楽譜出して弾きたくなった,10,0,0,0,0,0,0,0
うん壁紙にしたい,5,0,0,0,0,0,0,0
絵がかっこええから欲しいよ～,8,0,0,0,0,0,0,0
いい構図,2,0,0,0,0,0,1,1
これは沁みるなぁ,4,0,0,0,0,0,0,0
修学旅行じゃない,3,0,0,0,2,1,0,0
文章が上手いよね！,6,0,0,0,0,0,1,1
小さな山,2,0,0,0,0,0,0,0
酒を飲みましょう,5,0,0,0,0,0,0,0
これはいったい？,4,0,0,0,0,0,0,0
いい空中投げ,3,0,0,0,0,0,1,1
店長待ってたー！！,7,0,0,0,0,1,0,0
動画もいいな,4,0,0,0,0,0,1,1
3桁記念かきこ,5,0,0,0,0,0,0,0
鳥肌やばい,2,0,0,0,0,0,0,0
兄弟愛に泣いた,5,0,0,0,0,0,0,0
もう泣きそうなんだが,7,0,0,0,0,0,0,0
